"route","entry","local_tsx_files","form_controls","label_elements","aria_label_attributes","placeholder_attributes","tables","default_locale_calls"
"admin/analytics","src/app/admin/analytics/page.tsx","2","7","7","2","0","3","0"
"admin/aparencia","src/app/admin/aparencia/page.tsx","1","0","0","0","0","0","0"
"admin/carteira","src/app/admin/carteira/page.tsx","1","6","6","1","0","0","0"
"admin/clientes","src/app/admin/clientes/page.tsx","10","50","37","9","20","0","0"
"admin/comercial","src/app/admin/comercial/page.tsx","3","2","2","2","0","0","0"
"admin/compliance","src/app/admin/compliance/page.tsx","2","40","40","2","0","5","0"
"admin/conhecimento","src/app/admin/conhecimento/page.tsx","2","14","14","3","3","0","0"
"admin/continuidade","src/app/admin/continuidade/page.tsx","2","12","11","2","7","0","0"
"admin/contratos/[id]","src/app/admin/contratos/[id]/page.tsx","2","37","37","2","6","0","0"
"admin/contratos","src/app/admin/contratos/page.tsx","2","8","8","9","0","1","0"
"admin/convite","src/app/admin/convite/page.tsx","1","2","2","0","0","0","0"
"admin/crm","src/app/admin/crm/page.tsx","12","102","101","42","1","4","0"
"admin/emergencial","src/app/admin/emergencial/page.tsx","2","3","2","2","0","0","0"
"admin/entrar","src/app/admin/entrar/page.tsx","2","2","2","2","0","0","0"
"admin/expansao","src/app/admin/expansao/page.tsx","2","24","24","2","0","2","0"
"admin/financeiro","src/app/admin/financeiro/page.tsx","14","169","96","17","66","14","0"
"admin/fornecedores","src/app/admin/fornecedores/page.tsx","2","22","7","3","12","0","0"
"admin/frota","src/app/admin/frota/page.tsx","2","33","33","2","0","3","0"
"admin/funcionarios","src/app/admin/funcionarios/page.tsx","3","28","28","3","2","2","0"
"admin/inteligencia","src/app/admin/inteligencia/page.tsx","2","7","7","2","0","0","0"
"admin/leads","src/app/admin/leads/page.tsx","2","6","5","5","0","1","0"
"admin/licitacoes","src/app/admin/licitacoes/page.tsx","2","34","1","1","27","2","0"
"admin/marcelo/assistente","src/app/admin/marcelo/assistente/page.tsx","1","0","0","0","1","0","0"
"admin/marcelo","src/app/admin/marcelo/page.tsx","2","11","11","2","0","1","0"
"admin/operacao","src/app/admin/operacao/page.tsx","2","0","0","5","0","17","0"
"admin","src/app/admin/page.tsx","4","1","1","4","1","0","0"
"admin/patrimonio","src/app/admin/patrimonio/page.tsx","2","0","0","0","0","6","0"
"admin/pendencias","src/app/admin/pendencias/page.tsx","2","1","0","0","1","0","0"
"admin/portal/alertas","src/app/admin/portal/alertas/page.tsx","1","5","5","2","2","0","0"
"admin/portal/autocadastro","src/app/admin/portal/autocadastro/page.tsx","1","0","0","1","0","0","0"
"admin/portal/convites","src/app/admin/portal/convites/page.tsx","1","2","2","2","1","0","0"
"admin/portal","src/app/admin/portal/page.tsx","1","0","0","2","0","0","0"
"admin/portal/permissoes","src/app/admin/portal/permissoes/page.tsx","1","6","6","1","3","0","0"
"admin/portal/solicitacoes","src/app/admin/portal/solicitacoes/page.tsx","1","3","3","0","0","0","0"
"admin/publicacao","src/app/admin/publicacao/page.tsx","2","12","12","4","1","0","0"
"admin/qualidade","src/app/admin/qualidade/page.tsx","2","28","28","2","2","2","0"
"admin/relatorios","src/app/admin/relatorios/page.tsx","2","6","6","5","2","0","0"
"admin/rh/assistente","src/app/admin/rh/assistente/page.tsx","1","0","0","0","1","0","0"
"admin/satisfacao","src/app/admin/satisfacao/page.tsx","2","12","12","2","0","1","0"
"admin/tema","src/app/admin/tema/page.tsx","1","0","0","0","0","0","0"
"admin/terceiros","src/app/admin/terceiros/page.tsx","2","27","27","2","0","1","0"
"admin/ti","src/app/admin/ti/page.tsx","85","2101","437","11","1584","35","0"
"admin/verificacao-manual","src/app/admin/verificacao-manual/page.tsx","1","7","7","0","0","0","0"
"admin/visual","src/app/admin/visual/page.tsx","1","0","0","0","0","0","0"
"cliente/acesso","src/app/cliente/acesso/page.tsx","1","5","5","0","1","0","0"
"cliente/alterar-email","src/app/cliente/alterar-email/page.tsx","1","3","3","0","3","0","0"
"cliente/app/agenda","src/app/cliente/app/agenda/page.tsx","1","2","0","1","1","0","0"
"cliente/app/assistente","src/app/cliente/app/assistente/page.tsx","1","0","0","0","1","0","0"
"cliente/app/chamados","src/app/cliente/app/chamados/page.tsx","1","5","3","2","4","0","0"
"cliente/app/cobrancas","src/app/cliente/app/cobrancas/page.tsx","1","0","0","0","0","0","0"
"cliente/app/continuidade","src/app/cliente/app/continuidade/page.tsx","1","0","0","0","0","0","0"
"cliente/app/contratos","src/app/cliente/app/contratos/page.tsx","1","0","0","0","0","0","0"
"cliente/app/documentos","src/app/cliente/app/documentos/page.tsx","1","0","0","0","0","0","0"
"cliente/app","src/app/cliente/app/page.tsx","4","1","0","2","0","0","0"
"cliente/app/portal","src/app/cliente/app/portal/page.tsx","1","0","0","0","0","0","0"
"cliente/app/reclamacoes-colaborador","src/app/cliente/app/reclamacoes-colaborador/page.tsx","1","6","6","0","3","0","0"
"cliente/app/relatorios","src/app/cliente/app/relatorios/page.tsx","1","1","0","0","1","0","0"
"cliente/app/renovacao","src/app/cliente/app/renovacao/page.tsx","1","3","3","0","1","0","0"
"cliente/app/satisfacao","src/app/cliente/app/satisfacao/page.tsx","1","3","3","0","1","0","0"
"cliente/app/seguranca","src/app/cliente/app/seguranca/page.tsx","1","6","6","0","0","0","0"
"cliente/app/solicitacoes","src/app/cliente/app/solicitacoes/page.tsx","1","3","3","0","2","0","0"
"cliente/chamados","src/app/cliente/chamados/page.tsx","2","3","3","1","2","0","0"
"cliente/confirmar-email","src/app/cliente/confirmar-email/page.tsx","1","1","1","0","0","0","0"
"cliente/conta","src/app/cliente/conta/page.tsx","1","0","0","2","0","0","0"
"cliente/contratos","src/app/cliente/contratos/page.tsx","1","0","0","1","0","0","0"
"cliente/convite","src/app/cliente/convite/page.tsx","1","3","3","0","0","0","0"
"cliente/documentos","src/app/cliente/documentos/page.tsx","1","0","0","1","0","0","0"
"cliente/entrar","src/app/cliente/entrar/page.tsx","1","3","3","0","0","0","0"
"cliente","src/app/cliente/page.tsx","2","0","0","2","0","0","0"
"cliente/painel","src/app/cliente/painel/page.tsx","1","0","0","2","0","0","0"
"cliente/recuperar-senha","src/app/cliente/recuperar-senha/page.tsx","1","1","1","0","1","0","0"
"cliente/redefinir-senha","src/app/cliente/redefinir-senha/page.tsx","1","3","3","0","0","0","0"
"cliente/seguranca","src/app/cliente/seguranca/page.tsx","1","0","0","1","0","0","0"
"contato","src/app/contato/page.tsx","1","9","10","0","1","0","0"
"conteudos/[slug]","src/app/conteudos/[slug]/page.tsx","1","0","0","0","0","0","0"
"conteudos","src/app/conteudos/page.tsx","1","0","0","0","0","0","0"
"faq","src/app/faq/page.tsx","1","0","0","0","0","0","0"
"funcionario","src/app/funcionario/page.tsx","3","32","31","2","0","0","0"
"layout-01","src/app/layout-01/page.tsx","1","0","0","0","0","0","0"
"layout-02","src/app/layout-02/page.tsx","1","0","0","0","0","0","0"
"layout-03","src/app/layout-03/page.tsx","1","0","0","0","0","0","0"
"layout-04","src/app/layout-04/page.tsx","1","0","0","0","0","0","0"
"layout-05","src/app/layout-05/page.tsx","1","0","0","0","0","0","0"
"layout-06","src/app/layout-06/page.tsx","1","0","0","0","0","0","0"
"layout-07","src/app/layout-07/page.tsx","1","0","0","0","0","0","0"
"layout-08","src/app/layout-08/page.tsx","1","0","0","0","0","0","0"
"layout-09","src/app/layout-09/page.tsx","1","0","0","0","0","0","0"
"layout-10","src/app/layout-10/page.tsx","1","0","0","0","0","0","0"
"layout-preview","src/app/layout-preview/page.tsx","1","0","0","0","0","0","0"
"orcamento","src/app/orcamento/page.tsx","1","6","6","0","0","0","0"
"pacotes","src/app/pacotes/page.tsx","1","0","0","0","0","0","0"
"page.tsx","src/app/page.tsx","2","0","0","0","0","0","0"
"privacidade","src/app/privacidade/page.tsx","1","0","0","0","0","0","0"
"proposta/aceite/[token]","src/app/proposta/aceite/[token]/page.tsx","2","2","2","0","0","1","0"
"qa/modulos","src/app/qa/modulos/page.tsx","2","3","0","3","3","0","0"
"segmentos/[key]","src/app/segmentos/[key]/page.tsx","1","0","0","0","0","0","0"
"segmentos","src/app/segmentos/page.tsx","1","0","0","0","0","0","0"
"servicos/[id]","src/app/servicos/[id]/page.tsx","1","0","0","0","0","0","0"
"servicos","src/app/servicos/page.tsx","1","0","0","0","0","0","0"
"simulador","src/app/simulador/page.tsx","1","6","6","5","5","0","0"
