rota,papeis_declarados,fonte_da_guarda,arquivo,frente,origem_da_apresentacao,validacao_desta_entrega,pendencia
/,,publica ou condicional; verificar fonte,src/app/page.tsx,entrega anterior / referência,Não redesenhada individualmente nesta continuação,Inspeção estática; sem teste de fluxo nesta sessão,"Browser, API/banco, mobile/teclado e aceite não demonstrados por esta matriz"
/admin,,conferir entrada/guardas,src/app/admin/page.tsx,entrega anterior / referência,Não redesenhada individualmente nesta continuação,Inspeção estática; sem teste de fluxo nesta sessão,"Browser, API/banco, mobile/teclado e aceite não demonstrados por esta matriz"
/admin/analytics,admin|ti|marcelo,AdminGate com papeis declarados,src/app/admin/analytics/page.tsx,entrega anterior / referência,Não redesenhada individualmente nesta continuação,Inspeção estática; sem teste de fluxo nesta sessão,"Browser, API/banco, mobile/teclado e aceite não demonstrados por esta matriz"
/admin/carteira,comercial|marcelo|admin|ti,AdminGate com papeis declarados,src/app/admin/carteira/page.tsx,entrega anterior / referência,Não redesenhada individualmente nesta continuação,Inspeção estática; sem teste de fluxo nesta sessão,"Browser, API/banco, mobile/teclado e aceite não demonstrados por esta matriz"
/admin/clientes,marcelo|ti,AdminGate com papeis declarados,src/app/admin/clientes/page.tsx,FECH-10,Página ou componente de área revisado; conferir relatório de desenvolvimento,Inspeção estática; sem teste de fluxo nesta sessão,"Browser, API/banco, mobile/teclado e aceite não demonstrados por esta matriz"
/admin/comercial,comercial|marcelo|admin|ti,AdminGate com papeis declarados,src/app/admin/comercial/page.tsx,entrega anterior / referência,Não redesenhada individualmente nesta continuação,Inspeção estática; sem teste de fluxo nesta sessão,"Browser, API/banco, mobile/teclado e aceite não demonstrados por esta matriz"
/admin/compliance,marcelo|admin|ti,AdminGate com papeis declarados,src/app/admin/compliance/page.tsx,entrega anterior / referência,Não redesenhada individualmente nesta continuação,Inspeção estática; sem teste de fluxo nesta sessão,"Browser, API/banco, mobile/teclado e aceite não demonstrados por esta matriz"
/admin/conhecimento,marcelo|admin|ti,AdminGate com papeis declarados,src/app/admin/conhecimento/page.tsx,entrega anterior / referência,Não redesenhada individualmente nesta continuação,Inspeção estática; sem teste de fluxo nesta sessão,"Browser, API/banco, mobile/teclado e aceite não demonstrados por esta matriz"
/admin/continuidade,admin|ti|marcelo|operacao|supervisor,AdminGate com papeis declarados,src/app/admin/continuidade/page.tsx,entrega anterior / referência,Não redesenhada individualmente nesta continuação,Inspeção estática; sem teste de fluxo nesta sessão,"Browser, API/banco, mobile/teclado e aceite não demonstrados por esta matriz"
/admin/contratos,marcelo|admin|comercial,AdminGate com papeis declarados,src/app/admin/contratos/page.tsx,entrega anterior / referência,Não redesenhada individualmente nesta continuação,Inspeção estática; sem teste de fluxo nesta sessão,"Browser, API/banco, mobile/teclado e aceite não demonstrados por esta matriz"
/admin/contratos/[id],marcelo|admin|comercial,AdminGate com papeis declarados,src/app/admin/contratos/[id]/page.tsx,entrega anterior / referência,Não redesenhada individualmente nesta continuação,Inspeção estática; sem teste de fluxo nesta sessão,"Browser, API/banco, mobile/teclado e aceite não demonstrados por esta matriz"
/admin/convite,,conferir entrada/guardas,src/app/admin/convite/page.tsx,entrega anterior / referência,Não redesenhada individualmente nesta continuação,Inspeção estática; sem teste de fluxo nesta sessão,"Browser, API/banco, mobile/teclado e aceite não demonstrados por esta matriz"
/admin/crm,comercial|marcelo|admin|ti,AdminGate com papeis declarados,src/app/admin/crm/page.tsx,entrega anterior / referência,Não redesenhada individualmente nesta continuação,Inspeção estática; sem teste de fluxo nesta sessão,"Browser, API/banco, mobile/teclado e aceite não demonstrados por esta matriz"
/admin/emergencial,ti|admin,AdminGate com papeis declarados,src/app/admin/emergencial/page.tsx,FECH-09,Página ou componente de área revisado; conferir relatório de desenvolvimento,Inspeção estática; sem teste de fluxo nesta sessão,"Browser, API/banco, mobile/teclado e aceite não demonstrados por esta matriz"
/admin/entrar,,conferir entrada/guardas,src/app/admin/entrar/page.tsx,entrega anterior / referência,Não redesenhada individualmente nesta continuação,Inspeção estática; sem teste de fluxo nesta sessão,"Browser, API/banco, mobile/teclado e aceite não demonstrados por esta matriz"
/admin/expansao,comercial|financeiro|marcelo|admin|ti,AdminGate com papeis declarados,src/app/admin/expansao/page.tsx,entrega anterior / referência,Não redesenhada individualmente nesta continuação,Inspeção estática; sem teste de fluxo nesta sessão,"Browser, API/banco, mobile/teclado e aceite não demonstrados por esta matriz"
/admin/financeiro,financeiro|marcelo|admin|ti,AdminGate com papeis declarados,src/app/admin/financeiro/page.tsx,entrega anterior / referência,Não redesenhada individualmente nesta continuação,Inspeção estática; sem teste de fluxo nesta sessão,"Browser, API/banco, mobile/teclado e aceite não demonstrados por esta matriz"
/admin/fornecedores,marcelo|admin|ti,AdminGate com papeis declarados,src/app/admin/fornecedores/page.tsx,entrega anterior / referência,Não redesenhada individualmente nesta continuação,Inspeção estática; sem teste de fluxo nesta sessão,"Browser, API/banco, mobile/teclado e aceite não demonstrados por esta matriz"
/admin/frota,marcelo|admin|ti,AdminGate com papeis declarados,src/app/admin/frota/page.tsx,entrega anterior / referência,Não redesenhada individualmente nesta continuação,Inspeção estática; sem teste de fluxo nesta sessão,"Browser, API/banco, mobile/teclado e aceite não demonstrados por esta matriz"
/admin/funcionarios,rh|marcelo|admin|ti,AdminGate com papeis declarados,src/app/admin/funcionarios/page.tsx,FECH-04/05/06,Página ou componente de área revisado; conferir relatório de desenvolvimento,Inspeção estática; sem teste de fluxo nesta sessão,"Browser, API/banco, mobile/teclado e aceite não demonstrados por esta matriz"
/admin/inteligencia,ti|admin,AdminGate com papeis declarados,src/app/admin/inteligencia/page.tsx,entrega anterior / referência,Não redesenhada individualmente nesta continuação,Inspeção estática; sem teste de fluxo nesta sessão,"Browser, API/banco, mobile/teclado e aceite não demonstrados por esta matriz"
/admin/leads,comercial|marcelo|admin|ti,AdminGate com papeis declarados,src/app/admin/leads/page.tsx,FECH-10,Página ou componente de área revisado; conferir relatório de desenvolvimento,Inspeção estática; sem teste de fluxo nesta sessão,"Browser, API/banco, mobile/teclado e aceite não demonstrados por esta matriz"
/admin/licitacoes,marcelo|admin|ti,AdminGate com papeis declarados,src/app/admin/licitacoes/page.tsx,entrega anterior / referência,Não redesenhada individualmente nesta continuação,Inspeção estática; sem teste de fluxo nesta sessão,"Browser, API/banco, mobile/teclado e aceite não demonstrados por esta matriz"
/admin/marcelo,marcelo|admin|ti,AdminGate com papeis declarados,src/app/admin/marcelo/page.tsx,entrega anterior / referência,Não redesenhada individualmente nesta continuação,Inspeção estática; sem teste de fluxo nesta sessão,"Browser, API/banco, mobile/teclado e aceite não demonstrados por esta matriz"
/admin/marcelo/assistente,marcelo|admin,AdminGate com papeis declarados,src/app/admin/marcelo/assistente/page.tsx,FECH-01,Página ou componente de área revisado; conferir relatório de desenvolvimento,Inspeção estática; sem teste de fluxo nesta sessão,"Browser, API/banco, mobile/teclado e aceite não demonstrados por esta matriz"
/admin/operacao,supervisor|marcelo|admin|ti,AdminGate com papeis declarados,src/app/admin/operacao/page.tsx,entrega anterior / referência,Não redesenhada individualmente nesta continuação,Inspeção estática; sem teste de fluxo nesta sessão,"Browser, API/banco, mobile/teclado e aceite não demonstrados por esta matriz"
/admin/patrimonio,supervisor|marcelo|admin|ti,AdminGate com papeis declarados,src/app/admin/patrimonio/page.tsx,FECH-08,Página ou componente de área revisado; conferir relatório de desenvolvimento,Inspeção estática; sem teste de fluxo nesta sessão,"Browser, API/banco, mobile/teclado e aceite não demonstrados por esta matriz"
/admin/pendencias,admin|ti|marcelo|operacao|supervisor|rh|financeiro|comercial,AdminGate com papeis declarados,src/app/admin/pendencias/page.tsx,entrega anterior / referência,Não redesenhada individualmente nesta continuação,Inspeção estática; sem teste de fluxo nesta sessão,"Browser, API/banco, mobile/teclado e aceite não demonstrados por esta matriz"
/admin/portal,ti|admin,AdminGate com papeis declarados,src/app/admin/portal/page.tsx,FECH-10,Página ou componente de área revisado; conferir relatório de desenvolvimento,Inspeção estática; sem teste de fluxo nesta sessão,"Browser, API/banco, mobile/teclado e aceite não demonstrados por esta matriz"
/admin/portal/alertas,ti|admin,AdminGate com papeis declarados,src/app/admin/portal/alertas/page.tsx,FECH-10,Página ou componente de área revisado; conferir relatório de desenvolvimento,Inspeção estática; sem teste de fluxo nesta sessão,"Browser, API/banco, mobile/teclado e aceite não demonstrados por esta matriz"
/admin/portal/autocadastro,ti|admin,AdminGate com papeis declarados,src/app/admin/portal/autocadastro/page.tsx,FECH-10,Página ou componente de área revisado; conferir relatório de desenvolvimento,Inspeção estática; sem teste de fluxo nesta sessão,"Browser, API/banco, mobile/teclado e aceite não demonstrados por esta matriz"
/admin/portal/convites,ti|admin,AdminGate com papeis declarados,src/app/admin/portal/convites/page.tsx,FECH-10,Página ou componente de área revisado; conferir relatório de desenvolvimento,Inspeção estática; sem teste de fluxo nesta sessão,"Browser, API/banco, mobile/teclado e aceite não demonstrados por esta matriz"
/admin/portal/permissoes,ti|admin,AdminGate com papeis declarados,src/app/admin/portal/permissoes/page.tsx,FECH-10,Página ou componente de área revisado; conferir relatório de desenvolvimento,Inspeção estática; sem teste de fluxo nesta sessão,"Browser, API/banco, mobile/teclado e aceite não demonstrados por esta matriz"
/admin/portal/solicitacoes,ti|admin,AdminGate com papeis declarados,src/app/admin/portal/solicitacoes/page.tsx,FECH-10,Página ou componente de área revisado; conferir relatório de desenvolvimento,Inspeção estática; sem teste de fluxo nesta sessão,"Browser, API/banco, mobile/teclado e aceite não demonstrados por esta matriz"
/admin/publicacao,marcelo|ti|comercial|admin,AdminGate com papeis declarados,src/app/admin/publicacao/page.tsx,entrega anterior / referência,Não redesenhada individualmente nesta continuação,Inspeção estática; sem teste de fluxo nesta sessão,"Browser, API/banco, mobile/teclado e aceite não demonstrados por esta matriz"
/admin/qualidade,marcelo|admin|ti,AdminGate com papeis declarados,src/app/admin/qualidade/page.tsx,entrega anterior / referência,Não redesenhada individualmente nesta continuação,Inspeção estática; sem teste de fluxo nesta sessão,"Browser, API/banco, mobile/teclado e aceite não demonstrados por esta matriz"
/admin/relatorios,ti|admin,AdminGate com papeis declarados,src/app/admin/relatorios/page.tsx,FECH-09,Página ou componente de área revisado; conferir relatório de desenvolvimento,Inspeção estática; sem teste de fluxo nesta sessão,"Browser, API/banco, mobile/teclado e aceite não demonstrados por esta matriz"
/admin/rh/assistente,rh|admin,AdminGate com papeis declarados,src/app/admin/rh/assistente/page.tsx,FECH-01/02,Página ou componente de área revisado; conferir relatório de desenvolvimento,Inspeção estática; sem teste de fluxo nesta sessão,"Browser, API/banco, mobile/teclado e aceite não demonstrados por esta matriz"
/admin/satisfacao,marcelo|admin|ti,AdminGate com papeis declarados,src/app/admin/satisfacao/page.tsx,entrega anterior / referência,Não redesenhada individualmente nesta continuação,Inspeção estática; sem teste de fluxo nesta sessão,"Browser, API/banco, mobile/teclado e aceite não demonstrados por esta matriz"
/admin/tema,marcelo|ti|admin,AdminGate com papeis declarados,src/app/admin/tema/page.tsx,entrega anterior / referência,Não redesenhada individualmente nesta continuação,Inspeção estática; sem teste de fluxo nesta sessão,"Browser, API/banco, mobile/teclado e aceite não demonstrados por esta matriz"
/admin/terceiros,marcelo|admin|ti,AdminGate com papeis declarados,src/app/admin/terceiros/page.tsx,entrega anterior / referência,Não redesenhada individualmente nesta continuação,Inspeção estática; sem teste de fluxo nesta sessão,"Browser, API/banco, mobile/teclado e aceite não demonstrados por esta matriz"
/admin/ti,ti|admin,AdminGate com papeis declarados,src/app/admin/ti/page.tsx,FECH-02/03/11,Página ou componente de área revisado; conferir relatório de desenvolvimento,Inspeção estática; sem teste de fluxo nesta sessão,"Browser, API/banco, mobile/teclado e aceite não demonstrados por esta matriz"
/admin/verificacao-manual,,conferir entrada/guardas,src/app/admin/verificacao-manual/page.tsx,entrega anterior / referência,Não redesenhada individualmente nesta continuação,Inspeção estática; sem teste de fluxo nesta sessão,"Browser, API/banco, mobile/teclado e aceite não demonstrados por esta matriz"
/admin/visual,ti|admin,AdminGate com papeis declarados,src/app/admin/visual/page.tsx,FECH-11,Página ou componente de área revisado; conferir relatório de desenvolvimento,Inspeção estática; sem teste de fluxo nesta sessão,"Browser, API/banco, mobile/teclado e aceite não demonstrados por esta matriz"
/cliente,,"verificar previa, acesso ou recuperacao",src/app/cliente/page.tsx,entrega anterior / referência,Não redesenhada individualmente nesta continuação,Inspeção estática; sem teste de fluxo nesta sessão,"Browser, API/banco, mobile/teclado e aceite não demonstrados por esta matriz"
/cliente/acesso,,"verificar previa, acesso ou recuperacao",src/app/cliente/acesso/page.tsx,entrega anterior / referência,Não redesenhada individualmente nesta continuação,Inspeção estática; sem teste de fluxo nesta sessão,"Browser, API/banco, mobile/teclado e aceite não demonstrados por esta matriz"
/cliente/alterar-email,,"verificar previa, acesso ou recuperacao",src/app/cliente/alterar-email/page.tsx,entrega anterior / referência,Não redesenhada individualmente nesta continuação,Inspeção estática; sem teste de fluxo nesta sessão,"Browser, API/banco, mobile/teclado e aceite não demonstrados por esta matriz"
/cliente/app,,ClientSpaceProvider no layout; validar API/grant,src/app/cliente/app/page.tsx,FECH-01/07,Página ou componente de área revisado; conferir relatório de desenvolvimento,Inspeção estática; sem teste de fluxo nesta sessão,"Browser, API/banco, mobile/teclado e aceite não demonstrados por esta matriz"
/cliente/app/agenda,,ClientSpaceProvider no layout; validar API/grant,src/app/cliente/app/agenda/page.tsx,FECH-01/07,Página ou componente de área revisado; conferir relatório de desenvolvimento,Inspeção estática; sem teste de fluxo nesta sessão,"Browser, API/banco, mobile/teclado e aceite não demonstrados por esta matriz"
/cliente/app/assistente,,ClientSpaceProvider no layout; validar API/grant,src/app/cliente/app/assistente/page.tsx,FECH-01/07,Página ou componente de área revisado; conferir relatório de desenvolvimento,Inspeção estática; sem teste de fluxo nesta sessão,"Browser, API/banco, mobile/teclado e aceite não demonstrados por esta matriz"
/cliente/app/chamados,,ClientSpaceProvider no layout; validar API/grant,src/app/cliente/app/chamados/page.tsx,FECH-01/07,Página ou componente de área revisado; conferir relatório de desenvolvimento,Inspeção estática; sem teste de fluxo nesta sessão,"Browser, API/banco, mobile/teclado e aceite não demonstrados por esta matriz"
/cliente/app/cobrancas,,ClientSpaceProvider no layout; validar API/grant,src/app/cliente/app/cobrancas/page.tsx,FECH-01/07,Página ou componente de área revisado; conferir relatório de desenvolvimento,Inspeção estática; sem teste de fluxo nesta sessão,"Browser, API/banco, mobile/teclado e aceite não demonstrados por esta matriz"
/cliente/app/continuidade,,ClientSpaceProvider no layout; validar API/grant,src/app/cliente/app/continuidade/page.tsx,FECH-01/07,Página ou componente de área revisado; conferir relatório de desenvolvimento,Inspeção estática; sem teste de fluxo nesta sessão,"Browser, API/banco, mobile/teclado e aceite não demonstrados por esta matriz"
/cliente/app/contratos,,ClientSpaceProvider no layout; validar API/grant,src/app/cliente/app/contratos/page.tsx,FECH-01/07,Página ou componente de área revisado; conferir relatório de desenvolvimento,Inspeção estática; sem teste de fluxo nesta sessão,"Browser, API/banco, mobile/teclado e aceite não demonstrados por esta matriz"
/cliente/app/documentos,,ClientSpaceProvider no layout; validar API/grant,src/app/cliente/app/documentos/page.tsx,FECH-01/07,Página ou componente de área revisado; conferir relatório de desenvolvimento,Inspeção estática; sem teste de fluxo nesta sessão,"Browser, API/banco, mobile/teclado e aceite não demonstrados por esta matriz"
/cliente/app/portal,,ClientSpaceProvider no layout; validar API/grant,src/app/cliente/app/portal/page.tsx,FECH-01/07,Página ou componente de área revisado; conferir relatório de desenvolvimento,Inspeção estática; sem teste de fluxo nesta sessão,"Browser, API/banco, mobile/teclado e aceite não demonstrados por esta matriz"
/cliente/app/reclamacoes-colaborador,,ClientSpaceProvider no layout; validar API/grant,src/app/cliente/app/reclamacoes-colaborador/page.tsx,FECH-01/07,Página ou componente de área revisado; conferir relatório de desenvolvimento,Inspeção estática; sem teste de fluxo nesta sessão,"Browser, API/banco, mobile/teclado e aceite não demonstrados por esta matriz"
/cliente/app/relatorios,,ClientSpaceProvider no layout; validar API/grant,src/app/cliente/app/relatorios/page.tsx,FECH-01/07,Página ou componente de área revisado; conferir relatório de desenvolvimento,Inspeção estática; sem teste de fluxo nesta sessão,"Browser, API/banco, mobile/teclado e aceite não demonstrados por esta matriz"
/cliente/app/renovacao,,ClientSpaceProvider no layout; validar API/grant,src/app/cliente/app/renovacao/page.tsx,FECH-01/07,Página ou componente de área revisado; conferir relatório de desenvolvimento,Inspeção estática; sem teste de fluxo nesta sessão,"Browser, API/banco, mobile/teclado e aceite não demonstrados por esta matriz"
/cliente/app/satisfacao,,ClientSpaceProvider no layout; validar API/grant,src/app/cliente/app/satisfacao/page.tsx,FECH-01/07,Página ou componente de área revisado; conferir relatório de desenvolvimento,Inspeção estática; sem teste de fluxo nesta sessão,"Browser, API/banco, mobile/teclado e aceite não demonstrados por esta matriz"
/cliente/app/seguranca,,ClientSpaceProvider no layout; validar API/grant,src/app/cliente/app/seguranca/page.tsx,FECH-01/07,Página ou componente de área revisado; conferir relatório de desenvolvimento,Inspeção estática; sem teste de fluxo nesta sessão,"Browser, API/banco, mobile/teclado e aceite não demonstrados por esta matriz"
/cliente/app/solicitacoes,,ClientSpaceProvider no layout; validar API/grant,src/app/cliente/app/solicitacoes/page.tsx,FECH-01/07,Página ou componente de área revisado; conferir relatório de desenvolvimento,Inspeção estática; sem teste de fluxo nesta sessão,"Browser, API/banco, mobile/teclado e aceite não demonstrados por esta matriz"
/cliente/chamados,,"verificar previa, acesso ou recuperacao",src/app/cliente/chamados/page.tsx,entrega anterior / referência,Não redesenhada individualmente nesta continuação,Inspeção estática; sem teste de fluxo nesta sessão,"Browser, API/banco, mobile/teclado e aceite não demonstrados por esta matriz"
/cliente/confirmar-email,,"verificar previa, acesso ou recuperacao",src/app/cliente/confirmar-email/page.tsx,entrega anterior / referência,Não redesenhada individualmente nesta continuação,Inspeção estática; sem teste de fluxo nesta sessão,"Browser, API/banco, mobile/teclado e aceite não demonstrados por esta matriz"
/cliente/conta,,"verificar previa, acesso ou recuperacao",src/app/cliente/conta/page.tsx,entrega anterior / referência,Não redesenhada individualmente nesta continuação,Inspeção estática; sem teste de fluxo nesta sessão,"Browser, API/banco, mobile/teclado e aceite não demonstrados por esta matriz"
/cliente/contratos,,"verificar previa, acesso ou recuperacao",src/app/cliente/contratos/page.tsx,entrega anterior / referência,Não redesenhada individualmente nesta continuação,Inspeção estática; sem teste de fluxo nesta sessão,"Browser, API/banco, mobile/teclado e aceite não demonstrados por esta matriz"
/cliente/convite,,"verificar previa, acesso ou recuperacao",src/app/cliente/convite/page.tsx,entrega anterior / referência,Não redesenhada individualmente nesta continuação,Inspeção estática; sem teste de fluxo nesta sessão,"Browser, API/banco, mobile/teclado e aceite não demonstrados por esta matriz"
/cliente/documentos,,"verificar previa, acesso ou recuperacao",src/app/cliente/documentos/page.tsx,entrega anterior / referência,Não redesenhada individualmente nesta continuação,Inspeção estática; sem teste de fluxo nesta sessão,"Browser, API/banco, mobile/teclado e aceite não demonstrados por esta matriz"
/cliente/entrar,,"verificar previa, acesso ou recuperacao",src/app/cliente/entrar/page.tsx,entrega anterior / referência,Não redesenhada individualmente nesta continuação,Inspeção estática; sem teste de fluxo nesta sessão,"Browser, API/banco, mobile/teclado e aceite não demonstrados por esta matriz"
/cliente/painel,,"verificar previa, acesso ou recuperacao",src/app/cliente/painel/page.tsx,entrega anterior / referência,Não redesenhada individualmente nesta continuação,Inspeção estática; sem teste de fluxo nesta sessão,"Browser, API/banco, mobile/teclado e aceite não demonstrados por esta matriz"
/cliente/recuperar-senha,,"verificar previa, acesso ou recuperacao",src/app/cliente/recuperar-senha/page.tsx,entrega anterior / referência,Não redesenhada individualmente nesta continuação,Inspeção estática; sem teste de fluxo nesta sessão,"Browser, API/banco, mobile/teclado e aceite não demonstrados por esta matriz"
/cliente/redefinir-senha,,"verificar previa, acesso ou recuperacao",src/app/cliente/redefinir-senha/page.tsx,entrega anterior / referência,Não redesenhada individualmente nesta continuação,Inspeção estática; sem teste de fluxo nesta sessão,"Browser, API/banco, mobile/teclado e aceite não demonstrados por esta matriz"
/cliente/seguranca,,"verificar previa, acesso ou recuperacao",src/app/cliente/seguranca/page.tsx,entrega anterior / referência,Não redesenhada individualmente nesta continuação,Inspeção estática; sem teste de fluxo nesta sessão,"Browser, API/banco, mobile/teclado e aceite não demonstrados por esta matriz"
/contato,,publica ou condicional; verificar fonte,src/app/contato/page.tsx,entrega anterior / referência,Não redesenhada individualmente nesta continuação,Inspeção estática; sem teste de fluxo nesta sessão,"Browser, API/banco, mobile/teclado e aceite não demonstrados por esta matriz"
/conteudos,,publica ou condicional; verificar fonte,src/app/conteudos/page.tsx,entrega anterior / referência,Não redesenhada individualmente nesta continuação,Inspeção estática; sem teste de fluxo nesta sessão,"Browser, API/banco, mobile/teclado e aceite não demonstrados por esta matriz"
/conteudos/[slug],,publica ou condicional; verificar fonte,src/app/conteudos/[slug]/page.tsx,entrega anterior / referência,Não redesenhada individualmente nesta continuação,Inspeção estática; sem teste de fluxo nesta sessão,"Browser, API/banco, mobile/teclado e aceite não demonstrados por esta matriz"
/faq,,publica ou condicional; verificar fonte,src/app/faq/page.tsx,entrega anterior / referência,Não redesenhada individualmente nesta continuação,Inspeção estática; sem teste de fluxo nesta sessão,"Browser, API/banco, mobile/teclado e aceite não demonstrados por esta matriz"
/funcionario,,EmployeePortal; validar sessao/API,src/app/funcionario/page.tsx,entrega anterior / referência,Não redesenhada individualmente nesta continuação,Inspeção estática; sem teste de fluxo nesta sessão,"Browser, API/banco, mobile/teclado e aceite não demonstrados por esta matriz"
/layout-01,,publica ou condicional; verificar fonte,src/app/layout-01/page.tsx,entrega anterior / referência,Não redesenhada individualmente nesta continuação,Inspeção estática; sem teste de fluxo nesta sessão,"Browser, API/banco, mobile/teclado e aceite não demonstrados por esta matriz"
/layout-02,,publica ou condicional; verificar fonte,src/app/layout-02/page.tsx,entrega anterior / referência,Não redesenhada individualmente nesta continuação,Inspeção estática; sem teste de fluxo nesta sessão,"Browser, API/banco, mobile/teclado e aceite não demonstrados por esta matriz"
/layout-03,,publica ou condicional; verificar fonte,src/app/layout-03/page.tsx,entrega anterior / referência,Não redesenhada individualmente nesta continuação,Inspeção estática; sem teste de fluxo nesta sessão,"Browser, API/banco, mobile/teclado e aceite não demonstrados por esta matriz"
/layout-04,,publica ou condicional; verificar fonte,src/app/layout-04/page.tsx,entrega anterior / referência,Não redesenhada individualmente nesta continuação,Inspeção estática; sem teste de fluxo nesta sessão,"Browser, API/banco, mobile/teclado e aceite não demonstrados por esta matriz"
/layout-05,,publica ou condicional; verificar fonte,src/app/layout-05/page.tsx,entrega anterior / referência,Não redesenhada individualmente nesta continuação,Inspeção estática; sem teste de fluxo nesta sessão,"Browser, API/banco, mobile/teclado e aceite não demonstrados por esta matriz"
/layout-06,,publica ou condicional; verificar fonte,src/app/layout-06/page.tsx,entrega anterior / referência,Não redesenhada individualmente nesta continuação,Inspeção estática; sem teste de fluxo nesta sessão,"Browser, API/banco, mobile/teclado e aceite não demonstrados por esta matriz"
/layout-07,,publica ou condicional; verificar fonte,src/app/layout-07/page.tsx,entrega anterior / referência,Não redesenhada individualmente nesta continuação,Inspeção estática; sem teste de fluxo nesta sessão,"Browser, API/banco, mobile/teclado e aceite não demonstrados por esta matriz"
/layout-08,,publica ou condicional; verificar fonte,src/app/layout-08/page.tsx,entrega anterior / referência,Não redesenhada individualmente nesta continuação,Inspeção estática; sem teste de fluxo nesta sessão,"Browser, API/banco, mobile/teclado e aceite não demonstrados por esta matriz"
/layout-09,,publica ou condicional; verificar fonte,src/app/layout-09/page.tsx,entrega anterior / referência,Não redesenhada individualmente nesta continuação,Inspeção estática; sem teste de fluxo nesta sessão,"Browser, API/banco, mobile/teclado e aceite não demonstrados por esta matriz"
/layout-10,,publica ou condicional; verificar fonte,src/app/layout-10/page.tsx,entrega anterior / referência,Não redesenhada individualmente nesta continuação,Inspeção estática; sem teste de fluxo nesta sessão,"Browser, API/banco, mobile/teclado e aceite não demonstrados por esta matriz"
/orcamento,,publica ou condicional; verificar fonte,src/app/orcamento/page.tsx,entrega anterior / referência,Não redesenhada individualmente nesta continuação,Inspeção estática; sem teste de fluxo nesta sessão,"Browser, API/banco, mobile/teclado e aceite não demonstrados por esta matriz"
/pacotes,,publica ou condicional; verificar fonte,src/app/pacotes/page.tsx,entrega anterior / referência,Não redesenhada individualmente nesta continuação,Inspeção estática; sem teste de fluxo nesta sessão,"Browser, API/banco, mobile/teclado e aceite não demonstrados por esta matriz"
/privacidade,,publica ou condicional; verificar fonte,src/app/privacidade/page.tsx,entrega anterior / referência,Não redesenhada individualmente nesta continuação,Inspeção estática; sem teste de fluxo nesta sessão,"Browser, API/banco, mobile/teclado e aceite não demonstrados por esta matriz"
/proposta/aceite/[token],,publica ou condicional; verificar fonte,src/app/proposta/aceite/[token]/page.tsx,entrega anterior / referência,Não redesenhada individualmente nesta continuação,Inspeção estática; sem teste de fluxo nesta sessão,"Browser, API/banco, mobile/teclado e aceite não demonstrados por esta matriz"
/qa/modulos,,publica ou condicional; verificar fonte,src/app/qa/modulos/page.tsx,entrega anterior / referência,Não redesenhada individualmente nesta continuação,Inspeção estática; sem teste de fluxo nesta sessão,"Browser, API/banco, mobile/teclado e aceite não demonstrados por esta matriz"
/segmentos,,publica ou condicional; verificar fonte,src/app/segmentos/page.tsx,entrega anterior / referência,Não redesenhada individualmente nesta continuação,Inspeção estática; sem teste de fluxo nesta sessão,"Browser, API/banco, mobile/teclado e aceite não demonstrados por esta matriz"
/segmentos/[key],,publica ou condicional; verificar fonte,src/app/segmentos/[key]/page.tsx,entrega anterior / referência,Não redesenhada individualmente nesta continuação,Inspeção estática; sem teste de fluxo nesta sessão,"Browser, API/banco, mobile/teclado e aceite não demonstrados por esta matriz"
/servicos,,publica ou condicional; verificar fonte,src/app/servicos/page.tsx,entrega anterior / referência,Não redesenhada individualmente nesta continuação,Inspeção estática; sem teste de fluxo nesta sessão,"Browser, API/banco, mobile/teclado e aceite não demonstrados por esta matriz"
/servicos/[id],,publica ou condicional; verificar fonte,src/app/servicos/[id]/page.tsx,entrega anterior / referência,Não redesenhada individualmente nesta continuação,Inspeção estática; sem teste de fluxo nesta sessão,"Browser, API/banco, mobile/teclado e aceite não demonstrados por esta matriz"
/simulador,,publica ou condicional; verificar fonte,src/app/simulador/page.tsx,entrega anterior / referência,Não redesenhada individualmente nesta continuação,Inspeção estática; sem teste de fluxo nesta sessão,"Browser, API/banco, mobile/teclado e aceite não demonstrados por esta matriz"
