route,roles_declarados,evidencia_de_pagina,arquivo
"/","","publica ou condicional; verificar fonte","src/app/page.tsx"
"/admin","","conferir entrada/guardas","src/app/admin/page.tsx"
"/admin/analytics","admin|ti|marcelo","AdminGate com papeis declarados","src/app/admin/analytics/page.tsx"
"/admin/carteira","comercial|marcelo|admin|ti","AdminGate com papeis declarados","src/app/admin/carteira/page.tsx"
"/admin/clientes","marcelo|ti","AdminGate com papeis declarados","src/app/admin/clientes/page.tsx"
"/admin/comercial","comercial|marcelo|admin|ti","AdminGate com papeis declarados","src/app/admin/comercial/page.tsx"
"/admin/compliance","marcelo|admin|ti","AdminGate com papeis declarados","src/app/admin/compliance/page.tsx"
"/admin/conhecimento","marcelo|admin|ti","AdminGate com papeis declarados","src/app/admin/conhecimento/page.tsx"
"/admin/continuidade","admin|ti|marcelo|operacao|supervisor","AdminGate com papeis declarados","src/app/admin/continuidade/page.tsx"
"/admin/contratos","marcelo|admin|comercial","AdminGate com papeis declarados","src/app/admin/contratos/page.tsx"
"/admin/contratos/[id]","marcelo|admin|comercial","AdminGate com papeis declarados","src/app/admin/contratos/[id]/page.tsx"
"/admin/convite","","conferir entrada/guardas","src/app/admin/convite/page.tsx"
"/admin/crm","comercial|marcelo|admin|ti","AdminGate com papeis declarados","src/app/admin/crm/page.tsx"
"/admin/emergencial","ti|admin","AdminGate com papeis declarados","src/app/admin/emergencial/page.tsx"
"/admin/entrar","","conferir entrada/guardas","src/app/admin/entrar/page.tsx"
"/admin/expansao","comercial|financeiro|marcelo|admin|ti","AdminGate com papeis declarados","src/app/admin/expansao/page.tsx"
"/admin/financeiro","financeiro|marcelo|admin|ti","AdminGate com papeis declarados","src/app/admin/financeiro/page.tsx"
"/admin/fornecedores","marcelo|admin|ti","AdminGate com papeis declarados","src/app/admin/fornecedores/page.tsx"
"/admin/frota","marcelo|admin|ti","AdminGate com papeis declarados","src/app/admin/frota/page.tsx"
"/admin/funcionarios","rh|marcelo|admin|ti","AdminGate com papeis declarados","src/app/admin/funcionarios/page.tsx"
"/admin/inteligencia","ti|admin","AdminGate com papeis declarados","src/app/admin/inteligencia/page.tsx"
"/admin/leads","comercial|marcelo|admin|ti","AdminGate com papeis declarados","src/app/admin/leads/page.tsx"
"/admin/licitacoes","marcelo|admin|ti","AdminGate com papeis declarados","src/app/admin/licitacoes/page.tsx"
"/admin/marcelo","marcelo|admin|ti","AdminGate com papeis declarados","src/app/admin/marcelo/page.tsx"
"/admin/marcelo/assistente","marcelo|admin","AdminGate com papeis declarados","src/app/admin/marcelo/assistente/page.tsx"
"/admin/operacao","supervisor|marcelo|admin|ti","AdminGate com papeis declarados","src/app/admin/operacao/page.tsx"
"/admin/patrimonio","supervisor|marcelo|admin|ti","AdminGate com papeis declarados","src/app/admin/patrimonio/page.tsx"
"/admin/pendencias","admin|ti|marcelo|operacao|supervisor|rh|financeiro|comercial","AdminGate com papeis declarados","src/app/admin/pendencias/page.tsx"
"/admin/portal","ti|admin","AdminGate com papeis declarados","src/app/admin/portal/page.tsx"
"/admin/portal/alertas","ti|admin","AdminGate com papeis declarados","src/app/admin/portal/alertas/page.tsx"
"/admin/portal/autocadastro","ti|admin","AdminGate com papeis declarados","src/app/admin/portal/autocadastro/page.tsx"
"/admin/portal/convites","ti|admin","AdminGate com papeis declarados","src/app/admin/portal/convites/page.tsx"
"/admin/portal/permissoes","ti|admin","AdminGate com papeis declarados","src/app/admin/portal/permissoes/page.tsx"
"/admin/portal/solicitacoes","ti|admin","AdminGate com papeis declarados","src/app/admin/portal/solicitacoes/page.tsx"
"/admin/publicacao","marcelo|ti|comercial|admin","AdminGate com papeis declarados","src/app/admin/publicacao/page.tsx"
"/admin/qualidade","marcelo|admin|ti","AdminGate com papeis declarados","src/app/admin/qualidade/page.tsx"
"/admin/relatorios","ti|admin","AdminGate com papeis declarados","src/app/admin/relatorios/page.tsx"
"/admin/rh/assistente","rh|admin","AdminGate com papeis declarados","src/app/admin/rh/assistente/page.tsx"
"/admin/satisfacao","marcelo|admin|ti","AdminGate com papeis declarados","src/app/admin/satisfacao/page.tsx"
"/admin/tema","marcelo|ti|admin","AdminGate com papeis declarados","src/app/admin/tema/page.tsx"
"/admin/terceiros","marcelo|admin|ti","AdminGate com papeis declarados","src/app/admin/terceiros/page.tsx"
"/admin/ti","ti|admin","AdminGate com papeis declarados","src/app/admin/ti/page.tsx"
"/admin/verificacao-manual","","conferir entrada/guardas","src/app/admin/verificacao-manual/page.tsx"
"/admin/visual","ti|admin","AdminGate com papeis declarados","src/app/admin/visual/page.tsx"
"/cliente","","verificar previa, acesso ou recuperacao","src/app/cliente/page.tsx"
"/cliente/acesso","","verificar previa, acesso ou recuperacao","src/app/cliente/acesso/page.tsx"
"/cliente/alterar-email","","verificar previa, acesso ou recuperacao","src/app/cliente/alterar-email/page.tsx"
"/cliente/app","","ClientSpaceProvider no layout; validar API/grant","src/app/cliente/app/page.tsx"
"/cliente/app/agenda","","ClientSpaceProvider no layout; validar API/grant","src/app/cliente/app/agenda/page.tsx"
"/cliente/app/assistente","","ClientSpaceProvider no layout; validar API/grant","src/app/cliente/app/assistente/page.tsx"
"/cliente/app/chamados","","ClientSpaceProvider no layout; validar API/grant","src/app/cliente/app/chamados/page.tsx"
"/cliente/app/cobrancas","","ClientSpaceProvider no layout; validar API/grant","src/app/cliente/app/cobrancas/page.tsx"
"/cliente/app/continuidade","","ClientSpaceProvider no layout; validar API/grant","src/app/cliente/app/continuidade/page.tsx"
"/cliente/app/contratos","","ClientSpaceProvider no layout; validar API/grant","src/app/cliente/app/contratos/page.tsx"
"/cliente/app/documentos","","ClientSpaceProvider no layout; validar API/grant","src/app/cliente/app/documentos/page.tsx"
"/cliente/app/portal","","ClientSpaceProvider no layout; validar API/grant","src/app/cliente/app/portal/page.tsx"
"/cliente/app/reclamacoes-colaborador","","ClientSpaceProvider no layout; validar API/grant","src/app/cliente/app/reclamacoes-colaborador/page.tsx"
"/cliente/app/relatorios","","ClientSpaceProvider no layout; validar API/grant","src/app/cliente/app/relatorios/page.tsx"
"/cliente/app/renovacao","","ClientSpaceProvider no layout; validar API/grant","src/app/cliente/app/renovacao/page.tsx"
"/cliente/app/satisfacao","","ClientSpaceProvider no layout; validar API/grant","src/app/cliente/app/satisfacao/page.tsx"
"/cliente/app/seguranca","","ClientSpaceProvider no layout; validar API/grant","src/app/cliente/app/seguranca/page.tsx"
"/cliente/app/solicitacoes","","ClientSpaceProvider no layout; validar API/grant","src/app/cliente/app/solicitacoes/page.tsx"
"/cliente/chamados","","verificar previa, acesso ou recuperacao","src/app/cliente/chamados/page.tsx"
"/cliente/confirmar-email","","verificar previa, acesso ou recuperacao","src/app/cliente/confirmar-email/page.tsx"
"/cliente/conta","","verificar previa, acesso ou recuperacao","src/app/cliente/conta/page.tsx"
"/cliente/contratos","","verificar previa, acesso ou recuperacao","src/app/cliente/contratos/page.tsx"
"/cliente/convite","","verificar previa, acesso ou recuperacao","src/app/cliente/convite/page.tsx"
"/cliente/documentos","","verificar previa, acesso ou recuperacao","src/app/cliente/documentos/page.tsx"
"/cliente/entrar","","verificar previa, acesso ou recuperacao","src/app/cliente/entrar/page.tsx"
"/cliente/painel","","verificar previa, acesso ou recuperacao","src/app/cliente/painel/page.tsx"
"/cliente/recuperar-senha","","verificar previa, acesso ou recuperacao","src/app/cliente/recuperar-senha/page.tsx"
"/cliente/redefinir-senha","","verificar previa, acesso ou recuperacao","src/app/cliente/redefinir-senha/page.tsx"
"/cliente/seguranca","","verificar previa, acesso ou recuperacao","src/app/cliente/seguranca/page.tsx"
"/contato","","publica ou condicional; verificar fonte","src/app/contato/page.tsx"
"/conteudos","","publica ou condicional; verificar fonte","src/app/conteudos/page.tsx"
"/conteudos/[slug]","","publica ou condicional; verificar fonte","src/app/conteudos/[slug]/page.tsx"
"/faq","","publica ou condicional; verificar fonte","src/app/faq/page.tsx"
"/funcionario","","EmployeePortal; validar sessao/API","src/app/funcionario/page.tsx"
"/layout-01","","publica ou condicional; verificar fonte","src/app/layout-01/page.tsx"
"/layout-02","","publica ou condicional; verificar fonte","src/app/layout-02/page.tsx"
"/layout-03","","publica ou condicional; verificar fonte","src/app/layout-03/page.tsx"
"/layout-04","","publica ou condicional; verificar fonte","src/app/layout-04/page.tsx"
"/layout-05","","publica ou condicional; verificar fonte","src/app/layout-05/page.tsx"
"/layout-06","","publica ou condicional; verificar fonte","src/app/layout-06/page.tsx"
"/layout-07","","publica ou condicional; verificar fonte","src/app/layout-07/page.tsx"
"/layout-08","","publica ou condicional; verificar fonte","src/app/layout-08/page.tsx"
"/layout-09","","publica ou condicional; verificar fonte","src/app/layout-09/page.tsx"
"/layout-10","","publica ou condicional; verificar fonte","src/app/layout-10/page.tsx"
"/orcamento","","publica ou condicional; verificar fonte","src/app/orcamento/page.tsx"
"/pacotes","","publica ou condicional; verificar fonte","src/app/pacotes/page.tsx"
"/privacidade","","publica ou condicional; verificar fonte","src/app/privacidade/page.tsx"
"/proposta/aceite/[token]","","publica ou condicional; verificar fonte","src/app/proposta/aceite/[token]/page.tsx"
"/qa/modulos","","publica ou condicional; verificar fonte","src/app/qa/modulos/page.tsx"
"/segmentos","","publica ou condicional; verificar fonte","src/app/segmentos/page.tsx"
"/segmentos/[key]","","publica ou condicional; verificar fonte","src/app/segmentos/[key]/page.tsx"
"/servicos","","publica ou condicional; verificar fonte","src/app/servicos/page.tsx"
"/servicos/[id]","","publica ou condicional; verificar fonte","src/app/servicos/[id]/page.tsx"
"/simulador","","publica ou condicional; verificar fonte","src/app/simulador/page.tsx"
