"rota","area","papeis_declarados","papeis_no_menu","fonte_da_guarda","arquivo_entrada","layout","arquivos_locais","componentes_ui_compartilhados","estilos_ui_compartilhados","usa_admin_gate","escopo_tema_administrativo","tabelas","marcadores_demo","estados_carregando","estados_erro","estados_vazio","marcadores_teclado","chamadas_locale_padrao","gate_baseline","gates_automatizados","gates_jobs","capturas_viewports","capturas_stage","capturas_primeiro_foco"
"/","site publico","","","publica ou condicional; verificar origem do conteudo","src/app/page.tsx","src/app/layout.tsx","2","","","nao","nao","0","nao","nao","nao","nao","nao","0","admin-entry-delivery.yml|ci.yml|l04-delivery.yml|l05-delivery.yml|l06-delivery.yml|l07-delivery.yml|l08-delivery.yml","","","","","nao"
"/admin","administrativo staff","","","AdminGate sem lista local de papeis","src/app/admin/page.tsx","src/app/layout.tsx","4","UiCardLink","","sim","sim","0","sim","nao","nao","sim","sim","0","admin-entry-delivery.yml|ci.yml|l04-delivery.yml|l05-delivery.yml|l06-delivery.yml|l07-delivery.yml|l08-delivery.yml","","","","","nao"
"/admin/analytics","administrativo staff","admin|ti|marcelo","marcelo|admin|ti","AdminGate com papeis declarados (UI; autorizacao fica na API)","src/app/admin/analytics/page.tsx","src/app/layout.tsx","2","UiBadge|UiState","UiWorkspace","sim","sim","3","sim","sim","sim","sim","sim","0","admin-entry-delivery.yml|ci.yml|l04-delivery.yml|l05-delivery.yml|l06-delivery.yml|l07-delivery.yml|l08-delivery.yml","ux-analytics-delivery.yml","ux-analytics-postgres-browser","1440x900|390x844","ux-07-analytics","sim"
"/admin/aparencia","administrativo staff","admin|marcelo|ti","admin|marcelo|ti","AdminGate com papeis declarados (UI; autorizacao fica na API)","src/app/admin/aparencia/page.tsx","src/app/layout.tsx","1","","","sim","sim","0","nao","nao","nao","nao","nao","0","admin-entry-delivery.yml|ci.yml|l04-delivery.yml|l05-delivery.yml|l06-delivery.yml|l07-delivery.yml|l08-delivery.yml","","","","","nao"
"/admin/carteira","administrativo staff","comercial|marcelo|admin|ti","comercial|marcelo|admin|ti","AdminGate com papeis declarados (UI; autorizacao fica na API)","src/app/admin/carteira/page.tsx","src/app/layout.tsx","1","UiState","UiWorkspace","sim","sim","0","nao","sim","nao","sim","sim","0","admin-entry-delivery.yml|ci.yml|l04-delivery.yml|l05-delivery.yml|l06-delivery.yml|l07-delivery.yml|l08-delivery.yml","ux-crm-delivery.yml","ux-crm-postgres-browser","1440x900|390x844","ux-03b","sim"
"/admin/clientes","administrativo staff","marcelo|ti","marcelo|ti","AdminGate com papeis declarados (UI; autorizacao fica na API)","src/app/admin/clientes/page.tsx","src/app/layout.tsx","11","UiTaskWorkspace","","sim","sim","0","nao","sim","sim","sim","nao","0","admin-entry-delivery.yml|ci.yml|l04-delivery.yml|l05-delivery.yml|l06-delivery.yml|l07-delivery.yml|l08-delivery.yml","","","","","nao"
"/admin/comercial","administrativo staff","comercial|marcelo|admin|ti","","AdminGate com papeis declarados (UI; autorizacao fica na API)","src/app/admin/comercial/page.tsx","src/app/layout.tsx","3","","UiWorkspace","sim","sim","0","nao","nao","nao","sim","nao","0","admin-entry-delivery.yml|ci.yml|l04-delivery.yml|l05-delivery.yml|l06-delivery.yml|l07-delivery.yml|l08-delivery.yml","ux-crm-delivery.yml","ux-crm-postgres-browser","1440x900|390x844","ux-03b","sim"
"/admin/compliance","administrativo staff","marcelo|admin|ti","marcelo|admin|ti","AdminGate com papeis declarados (UI; autorizacao fica na API)","src/app/admin/compliance/page.tsx","src/app/layout.tsx","2","UiBadge|UiState","UiWorkspace","sim","sim","5","sim","sim","sim","sim","sim","0","admin-entry-delivery.yml|ci.yml|l04-delivery.yml|l05-delivery.yml|l06-delivery.yml|l07-delivery.yml|l08-delivery.yml","ext07-delivery.yml|ux-compliance-delivery.yml","compliance-postgres|ux-compliance-postgres-browser","1440x900|390x844","ux-07-compliance","sim"
"/admin/conhecimento","administrativo staff","marcelo|admin|ti","marcelo|admin|ti","AdminGate com papeis declarados (UI; autorizacao fica na API)","src/app/admin/conhecimento/page.tsx","src/app/layout.tsx","2","UiBadge|UiState","UiWorkspace","sim","sim","0","nao","sim","sim","sim","sim","0","admin-entry-delivery.yml|ci.yml|l04-delivery.yml|l05-delivery.yml|l06-delivery.yml|l07-delivery.yml|l08-delivery.yml","ux-knowledge-delivery.yml","ux-knowledge-postgres-browser","1440x900|390x844","ux-07-conhecimento","sim"
"/admin/continuidade","administrativo staff","admin|ti|marcelo|operacao|supervisor","","AdminGate com papeis declarados (UI; autorizacao fica na API)","src/app/admin/continuidade/page.tsx","src/app/layout.tsx","2","UiBadge|UiState","UiWorkspace","sim","sim","0","nao","sim","sim","sim","sim","0","admin-entry-delivery.yml|ci.yml|l04-delivery.yml|l05-delivery.yml|l06-delivery.yml|l07-delivery.yml|l08-delivery.yml","ux-continuity-client-delivery.yml|ux-continuity-delivery.yml","focal","1440x900|390x844","ux-11-continuidade","sim"
"/admin/contratos","administrativo staff","marcelo|admin|comercial","marcelo|admin|comercial","AdminGate com papeis declarados (UI; autorizacao fica na API)","src/app/admin/contratos/page.tsx","src/app/layout.tsx","2","UiBadge|UiState","UiWorkspace","sim","sim","1","nao","sim","nao","sim","nao","0","admin-entry-delivery.yml|ci.yml|l04-delivery.yml|l05-delivery.yml|l06-delivery.yml|l07-delivery.yml|l08-delivery.yml","ux-contract-delivery.yml","ux-contract-postgres-browser","1440x900|390x844","ux-07-contratos","sim"
"/admin/contratos/[id]","administrativo staff","marcelo|admin|comercial","","AdminGate com papeis declarados (UI; autorizacao fica na API)","src/app/admin/contratos/[id]/page.tsx","src/app/layout.tsx","2","UiBadge|UiState","UiWorkspace","sim","sim","0","nao","sim","sim","sim","sim","0","admin-entry-delivery.yml|ci.yml|l04-delivery.yml|l05-delivery.yml|l06-delivery.yml|l07-delivery.yml|l08-delivery.yml","ux-contract-delivery.yml","ux-contract-postgres-browser","","","nao"
"/admin/convite","administrativo staff","","","conferir guardas de entrada","src/app/admin/convite/page.tsx","src/app/layout.tsx","1","","","nao","nao","0","nao","sim","nao","nao","nao","0","admin-entry-delivery.yml|ci.yml|l04-delivery.yml|l05-delivery.yml|l06-delivery.yml|l07-delivery.yml|l08-delivery.yml","","","","","nao"
"/admin/crm","administrativo staff","comercial|marcelo|admin|ti","comercial|marcelo|admin|ti","AdminGate com papeis declarados (UI; autorizacao fica na API)","src/app/admin/crm/page.tsx","src/app/layout.tsx","12","UiState","","sim","sim","4","nao","sim","sim","sim","sim","0","admin-entry-delivery.yml|ci.yml|l04-delivery.yml|l05-delivery.yml|l06-delivery.yml|l07-delivery.yml|l08-delivery.yml","ux-crm-delivery.yml","ux-crm-postgres-browser","1440x900|390x844","ux-03b","sim"
"/admin/emergencial","administrativo staff","ti|admin","admin|ti","AdminGate com papeis declarados (UI; autorizacao fica na API)","src/app/admin/emergencial/page.tsx","src/app/layout.tsx","2","UiTaskWorkspace","","sim","sim","0","nao","nao","nao","sim","nao","0","admin-entry-delivery.yml|ci.yml|l04-delivery.yml|l05-delivery.yml|l06-delivery.yml|l07-delivery.yml|l08-delivery.yml","","","","","nao"
"/admin/entrar","administrativo staff","","","conferir guardas de entrada","src/app/admin/entrar/page.tsx","src/app/layout.tsx","2","UiField","","nao","sim","0","nao","nao","nao","sim","nao","0","admin-entry-delivery.yml|ci.yml|l04-delivery.yml|l05-delivery.yml|l06-delivery.yml|l07-delivery.yml|l08-delivery.yml","","","","","nao"
"/admin/expansao","administrativo staff","comercial|financeiro|marcelo|admin|ti","comercial|financeiro|marcelo|admin|ti","AdminGate com papeis declarados (UI; autorizacao fica na API)","src/app/admin/expansao/page.tsx","src/app/layout.tsx","2","UiBadge|UiState","UiWorkspace","sim","sim","2","sim","sim","sim","sim","sim","0","admin-entry-delivery.yml|ci.yml|l04-delivery.yml|l05-delivery.yml|l06-delivery.yml|l07-delivery.yml|l08-delivery.yml","ux-expansion-delivery.yml","focal","1440x900|390x844","ux-10-expansao","sim"
"/admin/financeiro","administrativo staff","financeiro|marcelo|admin|ti","financeiro|marcelo|admin|ti","AdminGate com papeis declarados (UI; autorizacao fica na API)","src/app/admin/financeiro/page.tsx","src/app/layout.tsx","14","UiBadge|UiState","UiWorkspace","sim","sim","14","nao","sim","sim","sim","sim","0","admin-entry-delivery.yml|ci.yml|l04-delivery.yml|l05-delivery.yml|l06-delivery.yml|l07-delivery.yml|l08-delivery.yml","ux-finance-delivery.yml","ux-finance-postgres-browser","1440x900|390x844","ux-07-financeiro","sim"
"/admin/fornecedores","administrativo staff","marcelo|admin|ti","marcelo|admin|ti","AdminGate com papeis declarados (UI; autorizacao fica na API)","src/app/admin/fornecedores/page.tsx","src/app/layout.tsx","2","","","sim","sim","0","nao","sim","nao","sim","sim","0","admin-entry-delivery.yml|ci.yml|l04-delivery.yml|l05-delivery.yml|l06-delivery.yml|l07-delivery.yml|l08-delivery.yml","ext04-delivery.yml|ux-supplier-delivery.yml","suppliers-postgres|focal","1440x900|390x844","ux-09-fornecedores","sim"
"/admin/frota","administrativo staff","marcelo|admin|ti","marcelo|admin|ti","AdminGate com papeis declarados (UI; autorizacao fica na API)","src/app/admin/frota/page.tsx","src/app/layout.tsx","2","UiBadge|UiState","UiWorkspace","sim","sim","3","sim","sim","sim","sim","sim","0","admin-entry-delivery.yml|ci.yml|l04-delivery.yml|l05-delivery.yml|l06-delivery.yml|l07-delivery.yml|l08-delivery.yml","ux-fleet-delivery.yml","ux-fleet-postgres-browser","1440x900|390x844","ux-07-frota","sim"
"/admin/funcionarios","administrativo staff","rh|marcelo|admin|ti","rh|marcelo|admin|ti","AdminGate com papeis declarados (UI; autorizacao fica na API)","src/app/admin/funcionarios/page.tsx","src/app/layout.tsx","3","UiBadge|UiState|UiTaskWorkspace","UiWorkspace","sim","sim","2","sim","sim","sim","sim","sim","0","admin-entry-delivery.yml|ci.yml|l04-delivery.yml|l05-delivery.yml|l06-delivery.yml|l07-delivery.yml|l08-delivery.yml","ux-hr-delivery.yml","ux-hr-postgres-browser","1440x900|390x844","ux-04","sim"
"/admin/inteligencia","administrativo staff","ti|admin","admin|ti","AdminGate com papeis declarados (UI; autorizacao fica na API)","src/app/admin/inteligencia/page.tsx","src/app/layout.tsx","2","UiState","UiWorkspace","sim","sim","0","nao","nao","sim","sim","sim","0","admin-entry-delivery.yml|ci.yml|l04-delivery.yml|l05-delivery.yml|l06-delivery.yml|l07-delivery.yml|l08-delivery.yml","ux-intel-delivery.yml","ux-intel-postgres-browser","1440x900|390x844","ux-07-inteligencia-comercial","sim"
"/admin/leads","administrativo staff","comercial|marcelo|admin|ti","comercial|marcelo|admin|ti","AdminGate com papeis declarados (UI; autorizacao fica na API)","src/app/admin/leads/page.tsx","src/app/layout.tsx","2","UiTaskWorkspace","","sim","sim","1","nao","sim","sim","sim","nao","0","admin-entry-delivery.yml|ci.yml|l04-delivery.yml|l05-delivery.yml|l06-delivery.yml|l07-delivery.yml|l08-delivery.yml","","","","","nao"
"/admin/licitacoes","administrativo staff","marcelo|admin|ti","marcelo|admin|ti","AdminGate com papeis declarados (UI; autorizacao fica na API)","src/app/admin/licitacoes/page.tsx","src/app/layout.tsx","2","UiState","UiWorkspace","sim","sim","2","nao","sim","sim","sim","sim","0","admin-entry-delivery.yml|ci.yml|l04-delivery.yml|l05-delivery.yml|l06-delivery.yml|l07-delivery.yml|l08-delivery.yml","ext03-delivery.yml|ux-bidding-delivery.yml","biddings-postgres|ux-bidding","1440x900|390x844","ux-08-licitacoes","sim"
"/admin/marcelo","administrativo staff","marcelo|admin|ti","marcelo|admin|ti","AdminGate com papeis declarados (UI; autorizacao fica na API)","src/app/admin/marcelo/page.tsx","src/app/layout.tsx","2","UiBadge|UiState","UiWorkspace","sim","sim","1","sim","sim","sim","sim","sim","0","admin-entry-delivery.yml|ci.yml|l04-delivery.yml|l05-delivery.yml|l06-delivery.yml|l07-delivery.yml|l08-delivery.yml","ux-adm-delivery.yml","ux-adm-postgres-browser","1440x900|390x844","ux-05","sim"
"/admin/marcelo/assistente","administrativo staff","marcelo|admin","","AdminGate com papeis declarados (UI; autorizacao fica na API)","src/app/admin/marcelo/assistente/page.tsx","src/app/layout.tsx","1","UiTaskWorkspace","","sim","sim","0","nao","nao","nao","nao","nao","0","admin-entry-delivery.yml|ci.yml|l04-delivery.yml|l05-delivery.yml|l06-delivery.yml|l07-delivery.yml|l08-delivery.yml","fech-01-rag-widget-delivery.yml|ux-adm-delivery.yml","focal|ux-adm-postgres-browser","","","nao"
"/admin/operacao","administrativo staff","supervisor|marcelo|admin|ti","supervisor|marcelo|admin|ti","AdminGate com papeis declarados (UI; autorizacao fica na API)","src/app/admin/operacao/page.tsx","src/app/layout.tsx","2","UiBadge|UiState","UiWorkspace","sim","sim","17","sim","sim","sim","sim","sim","0","admin-entry-delivery.yml|ci.yml|l04-delivery.yml|l05-delivery.yml|l06-delivery.yml|l07-delivery.yml|l08-delivery.yml","ux-ops-delivery.yml","ux-ops-postgres-browser","","","nao"
"/admin/patrimonio","administrativo staff","supervisor|marcelo|admin|ti","supervisor|marcelo|admin|ti","AdminGate com papeis declarados (UI; autorizacao fica na API)","src/app/admin/patrimonio/page.tsx","src/app/layout.tsx","2","UiTableScroll|UiTaskWorkspace","","sim","sim","6","nao","sim","nao","sim","nao","0","admin-entry-delivery.yml|ci.yml|l04-delivery.yml|l05-delivery.yml|l06-delivery.yml|l07-delivery.yml|l08-delivery.yml","","","","","nao"
"/admin/pendencias","administrativo staff","admin|ti|marcelo|operacao|supervisor|rh|financeiro|comercial","","AdminGate com papeis declarados (UI; autorizacao fica na API)","src/app/admin/pendencias/page.tsx","src/app/layout.tsx","2","","","sim","sim","0","nao","nao","nao","sim","nao","0","admin-entry-delivery.yml|ci.yml|l04-delivery.yml|l05-delivery.yml|l06-delivery.yml|l07-delivery.yml|l08-delivery.yml","","","","","nao"
"/admin/portal","administrativo staff","ti|admin","ti|admin","AdminGate com papeis declarados (UI; autorizacao fica na API)","src/app/admin/portal/page.tsx","src/app/layout.tsx","1","UiTaskWorkspace","","sim","sim","0","sim","nao","nao","nao","nao","0","admin-entry-delivery.yml|ci.yml|l04-delivery.yml|l05-delivery.yml|l06-delivery.yml|l07-delivery.yml|l08-delivery.yml","","","","","nao"
"/admin/portal/alertas","administrativo staff","ti|admin","","AdminGate com papeis declarados (UI; autorizacao fica na API)","src/app/admin/portal/alertas/page.tsx","src/app/layout.tsx","1","","","sim","sim","0","sim","nao","nao","sim","nao","0","admin-entry-delivery.yml|ci.yml|l04-delivery.yml|l05-delivery.yml|l06-delivery.yml|l07-delivery.yml|l08-delivery.yml","","","","","nao"
"/admin/portal/autocadastro","administrativo staff","ti|admin","","AdminGate com papeis declarados (UI; autorizacao fica na API)","src/app/admin/portal/autocadastro/page.tsx","src/app/layout.tsx","1","","","sim","sim","0","sim","nao","nao","nao","nao","0","admin-entry-delivery.yml|ci.yml|l04-delivery.yml|l05-delivery.yml|l06-delivery.yml|l07-delivery.yml|l08-delivery.yml","","","","","nao"
"/admin/portal/convites","administrativo staff","ti|admin","","AdminGate com papeis declarados (UI; autorizacao fica na API)","src/app/admin/portal/convites/page.tsx","src/app/layout.tsx","1","","","sim","sim","0","sim","nao","nao","sim","nao","0","admin-entry-delivery.yml|ci.yml|l04-delivery.yml|l05-delivery.yml|l06-delivery.yml|l07-delivery.yml|l08-delivery.yml","","","","","nao"
"/admin/portal/permissoes","administrativo staff","ti|admin","","AdminGate com papeis declarados (UI; autorizacao fica na API)","src/app/admin/portal/permissoes/page.tsx","src/app/layout.tsx","1","","","sim","sim","0","sim","nao","sim","sim","nao","0","admin-entry-delivery.yml|ci.yml|l04-delivery.yml|l05-delivery.yml|l06-delivery.yml|l07-delivery.yml|l08-delivery.yml","","","","","nao"
"/admin/portal/solicitacoes","administrativo staff","ti|admin","","AdminGate com papeis declarados (UI; autorizacao fica na API)","src/app/admin/portal/solicitacoes/page.tsx","src/app/layout.tsx","1","","","sim","sim","0","nao","sim","nao","sim","nao","0","admin-entry-delivery.yml|ci.yml|l04-delivery.yml|l05-delivery.yml|l06-delivery.yml|l07-delivery.yml|l08-delivery.yml","","","","","nao"
"/admin/publicacao","administrativo staff","marcelo|ti|comercial|admin","","AdminGate com papeis declarados (UI; autorizacao fica na API)","src/app/admin/publicacao/page.tsx","src/app/layout.tsx","2","","","sim","sim","0","nao","nao","nao","sim","nao","0","admin-entry-delivery.yml|ci.yml|l04-delivery.yml|l05-delivery.yml|l06-delivery.yml|l07-delivery.yml|l08-delivery.yml","","","","","nao"
"/admin/qualidade","administrativo staff","marcelo|admin|ti","marcelo|admin|ti","AdminGate com papeis declarados (UI; autorizacao fica na API)","src/app/admin/qualidade/page.tsx","src/app/layout.tsx","2","UiBadge|UiState","UiWorkspace","sim","sim","2","sim","sim","sim","sim","sim","0","admin-entry-delivery.yml|ci.yml|l04-delivery.yml|l05-delivery.yml|l06-delivery.yml|l07-delivery.yml|l08-delivery.yml","ext05-delivery.yml|ux-quality-delivery.yml","quality-postgres|ux-quality-postgres-browser","1440x900|390x844","ux-07-qualidade","sim"
"/admin/relatorios","administrativo staff","ti|admin","admin|ti","AdminGate com papeis declarados (UI; autorizacao fica na API)","src/app/admin/relatorios/page.tsx","src/app/layout.tsx","2","UiTaskWorkspace","","sim","sim","0","nao","nao","nao","sim","nao","0","admin-entry-delivery.yml|ci.yml|l04-delivery.yml|l05-delivery.yml|l06-delivery.yml|l07-delivery.yml|l08-delivery.yml","","","","","nao"
"/admin/rh/assistente","administrativo staff","rh|admin","","AdminGate com papeis declarados (UI; autorizacao fica na API)","src/app/admin/rh/assistente/page.tsx","src/app/layout.tsx","1","UiTaskWorkspace","","sim","sim","0","nao","nao","nao","nao","nao","0","admin-entry-delivery.yml|ci.yml|l04-delivery.yml|l05-delivery.yml|l06-delivery.yml|l07-delivery.yml|l08-delivery.yml","fech-01-rag-widget-delivery.yml","focal","","","nao"
"/admin/satisfacao","administrativo staff","marcelo|admin|ti","marcelo|admin|ti","AdminGate com papeis declarados (UI; autorizacao fica na API)","src/app/admin/satisfacao/page.tsx","src/app/layout.tsx","2","UiBadge|UiState","UiWorkspace","sim","sim","1","sim","sim","sim","sim","sim","0","admin-entry-delivery.yml|ci.yml|l04-delivery.yml|l05-delivery.yml|l06-delivery.yml|l07-delivery.yml|l08-delivery.yml","ext06-delivery.yml|ux-satisfaction-delivery.yml","satisfaction-postgres|ux-satisfaction-postgres-browser","1440x900|390x844","ux-07-satisfacao","sim"
"/admin/tema","administrativo staff","marcelo|ti|admin","","AdminGate com papeis declarados (UI; autorizacao fica na API)","src/app/admin/tema/page.tsx","src/app/layout.tsx","1","","","sim","sim","0","nao","nao","nao","nao","nao","0","admin-entry-delivery.yml|ci.yml|l04-delivery.yml|l05-delivery.yml|l06-delivery.yml|l07-delivery.yml|l08-delivery.yml","","","","","nao"
"/admin/terceiros","administrativo staff","marcelo|admin|ti","marcelo|admin|ti","AdminGate com papeis declarados (UI; autorizacao fica na API)","src/app/admin/terceiros/page.tsx","src/app/layout.tsx","2","UiBadge|UiState","UiWorkspace","sim","sim","1","sim","sim","sim","sim","sim","0","admin-entry-delivery.yml|ci.yml|l04-delivery.yml|l05-delivery.yml|l06-delivery.yml|l07-delivery.yml|l08-delivery.yml","ext02-delivery.yml|ux-third-party-delivery.yml","third-parties-postgres|ux-third-party-postgres-browser","1440x900|390x844","ux-07-terceiros","sim"
"/admin/ti","administrativo staff","ti|admin","ti|admin","AdminGate com papeis declarados (UI; autorizacao fica na API)","src/app/admin/ti/page.tsx","src/app/layout.tsx","86","UiEmployeePicker|UiRecordPicker|UiState|UiTableScroll|UiTaskWorkspace","","sim","sim","35","sim","sim","sim","sim","nao","0","admin-entry-delivery.yml|ci.yml|l04-delivery.yml|l05-delivery.yml|l06-delivery.yml|l07-delivery.yml|l08-delivery.yml","","","","","nao"
"/admin/verificacao-manual","administrativo staff","","","conferir guardas de entrada","src/app/admin/verificacao-manual/page.tsx","src/app/layout.tsx","1","","","nao","sim","0","sim","nao","nao","sim","nao","0","admin-entry-delivery.yml|ci.yml|l04-delivery.yml|l05-delivery.yml|l06-delivery.yml|l07-delivery.yml|l08-delivery.yml","","","","","nao"
"/admin/visual","administrativo staff","","","redirecionamento de compatibilidade (sem interface propria)","src/app/admin/visual/page.tsx","src/app/layout.tsx","1","","","nao","nao","0","nao","nao","nao","nao","nao","0","admin-entry-delivery.yml|ci.yml|l04-delivery.yml|l05-delivery.yml|l06-delivery.yml|l07-delivery.yml|l08-delivery.yml","","","","","nao"
"/cliente","entrada/recuperacao do cliente","","","entrada publica de acesso/recuperacao; validar fluxo de convite","src/app/cliente/page.tsx","src/app/layout.tsx","2","","","nao","nao","0","nao","nao","nao","sim","nao","0","admin-entry-delivery.yml|ci.yml|l04-delivery.yml|l05-delivery.yml|l06-delivery.yml|l07-delivery.yml|l08-delivery.yml","ux-portal-delivery.yml","ux-portal-postgres-browser","","","nao"
"/cliente/acesso","entrada/recuperacao do cliente","","","entrada publica de acesso/recuperacao; validar fluxo de convite","src/app/cliente/acesso/page.tsx","src/app/layout.tsx","1","","","nao","nao","0","nao","nao","nao","sim","nao","0","admin-entry-delivery.yml|ci.yml|l04-delivery.yml|l05-delivery.yml|l06-delivery.yml|l07-delivery.yml|l08-delivery.yml","ux-portal-delivery.yml","ux-portal-postgres-browser","","","nao"
"/cliente/alterar-email","entrada/recuperacao do cliente","","","entrada publica de acesso/recuperacao; validar fluxo de convite","src/app/cliente/alterar-email/page.tsx","src/app/layout.tsx","1","","","nao","nao","0","sim","nao","nao","sim","nao","0","admin-entry-delivery.yml|ci.yml|l04-delivery.yml|l05-delivery.yml|l06-delivery.yml|l07-delivery.yml|l08-delivery.yml","ux-portal-delivery.yml","ux-portal-postgres-browser","","","nao"
"/cliente/app","portal do cliente autenticado","","","ClientSpaceProvider no layout; sessao + grant decididos na API","src/app/cliente/app/page.tsx","src/app/cliente/app/layout.tsx","4","UiState","","nao","nao","0","nao","sim","sim","sim","nao","0","admin-entry-delivery.yml|ci.yml|l04-delivery.yml|l05-delivery.yml|l06-delivery.yml|l07-delivery.yml|l08-delivery.yml","ux-portal-delivery.yml","ux-portal-postgres-browser","","","nao"
"/cliente/app/agenda","portal do cliente autenticado","","","ClientSpaceProvider no layout; sessao + grant decididos na API","src/app/cliente/app/agenda/page.tsx","src/app/cliente/app/layout.tsx","1","","","nao","nao","0","nao","sim","nao","sim","nao","0","admin-entry-delivery.yml|ci.yml|l04-delivery.yml|l05-delivery.yml|l06-delivery.yml|l07-delivery.yml|l08-delivery.yml","ux-portal-delivery.yml","ux-portal-postgres-browser","","","nao"
"/cliente/app/assistente","portal do cliente autenticado","","","ClientSpaceProvider no layout; sessao + grant decididos na API","src/app/cliente/app/assistente/page.tsx","src/app/cliente/app/layout.tsx","1","","","nao","nao","0","nao","nao","nao","nao","nao","0","admin-entry-delivery.yml|ci.yml|l04-delivery.yml|l05-delivery.yml|l06-delivery.yml|l07-delivery.yml|l08-delivery.yml","fech-01-rag-widget-delivery.yml|ux-portal-delivery.yml","focal|ux-portal-postgres-browser","","","nao"
"/cliente/app/chamados","portal do cliente autenticado","","","ClientSpaceProvider no layout; sessao + grant decididos na API","src/app/cliente/app/chamados/page.tsx","src/app/cliente/app/layout.tsx","1","","","nao","nao","0","nao","sim","nao","nao","nao","0","admin-entry-delivery.yml|ci.yml|l04-delivery.yml|l05-delivery.yml|l06-delivery.yml|l07-delivery.yml|l08-delivery.yml","ux-portal-delivery.yml","ux-portal-postgres-browser","","","nao"
"/cliente/app/cobrancas","portal do cliente autenticado","","","ClientSpaceProvider no layout; sessao + grant decididos na API","src/app/cliente/app/cobrancas/page.tsx","src/app/cliente/app/layout.tsx","1","","","nao","nao","0","nao","sim","nao","sim","nao","0","admin-entry-delivery.yml|ci.yml|l04-delivery.yml|l05-delivery.yml|l06-delivery.yml|l07-delivery.yml|l08-delivery.yml","ux-portal-delivery.yml","ux-portal-postgres-browser","","","nao"
"/cliente/app/continuidade","portal do cliente autenticado","","","ClientSpaceProvider no layout; sessao + grant decididos na API","src/app/cliente/app/continuidade/page.tsx","src/app/cliente/app/layout.tsx","1","","","nao","nao","0","nao","sim","sim","sim","nao","0","admin-entry-delivery.yml|ci.yml|l04-delivery.yml|l05-delivery.yml|l06-delivery.yml|l07-delivery.yml|l08-delivery.yml","ux-continuity-client-delivery.yml|ux-continuity-delivery.yml|ux-portal-delivery.yml","focal|ux-portal-postgres-browser","1440x900|390x844","ux-11-continuidade-cliente","sim"
"/cliente/app/contratos","portal do cliente autenticado","","","ClientSpaceProvider no layout; sessao + grant decididos na API","src/app/cliente/app/contratos/page.tsx","src/app/cliente/app/layout.tsx","1","","","nao","nao","0","nao","sim","nao","sim","nao","0","admin-entry-delivery.yml|ci.yml|l04-delivery.yml|l05-delivery.yml|l06-delivery.yml|l07-delivery.yml|l08-delivery.yml","ux-portal-delivery.yml","ux-portal-postgres-browser","","","nao"
"/cliente/app/documentos","portal do cliente autenticado","","","ClientSpaceProvider no layout; sessao + grant decididos na API","src/app/cliente/app/documentos/page.tsx","src/app/cliente/app/layout.tsx","1","","","nao","nao","0","nao","sim","nao","sim","nao","0","admin-entry-delivery.yml|ci.yml|l04-delivery.yml|l05-delivery.yml|l06-delivery.yml|l07-delivery.yml|l08-delivery.yml","ux-portal-delivery.yml","ux-portal-postgres-browser","","","nao"
"/cliente/app/portal","portal do cliente autenticado","","","ClientSpaceProvider no layout; sessao + grant decididos na API","src/app/cliente/app/portal/page.tsx","src/app/cliente/app/layout.tsx","1","","","nao","nao","0","nao","nao","nao","nao","nao","0","admin-entry-delivery.yml|ci.yml|l04-delivery.yml|l05-delivery.yml|l06-delivery.yml|l07-delivery.yml|l08-delivery.yml","ux-portal-delivery.yml","ux-portal-postgres-browser","","","nao"
"/cliente/app/reclamacoes-colaborador","portal do cliente autenticado","","","ClientSpaceProvider no layout; sessao + grant decididos na API","src/app/cliente/app/reclamacoes-colaborador/page.tsx","src/app/cliente/app/layout.tsx","1","","","nao","nao","0","nao","sim","nao","sim","nao","0","admin-entry-delivery.yml|ci.yml|l04-delivery.yml|l05-delivery.yml|l06-delivery.yml|l07-delivery.yml|l08-delivery.yml","ux-portal-delivery.yml","ux-portal-postgres-browser","","","nao"
"/cliente/app/relatorios","portal do cliente autenticado","","","ClientSpaceProvider no layout; sessao + grant decididos na API","src/app/cliente/app/relatorios/page.tsx","src/app/cliente/app/layout.tsx","1","","","nao","nao","0","nao","sim","nao","sim","nao","0","admin-entry-delivery.yml|ci.yml|l04-delivery.yml|l05-delivery.yml|l06-delivery.yml|l07-delivery.yml|l08-delivery.yml","ux-portal-delivery.yml","ux-portal-postgres-browser","","","nao"
"/cliente/app/renovacao","portal do cliente autenticado","","","ClientSpaceProvider no layout; sessao + grant decididos na API","src/app/cliente/app/renovacao/page.tsx","src/app/cliente/app/layout.tsx","1","","","nao","nao","0","nao","sim","nao","sim","nao","0","admin-entry-delivery.yml|ci.yml|l04-delivery.yml|l05-delivery.yml|l06-delivery.yml|l07-delivery.yml|l08-delivery.yml","ux-portal-delivery.yml","ux-portal-postgres-browser","","","nao"
"/cliente/app/satisfacao","portal do cliente autenticado","","","ClientSpaceProvider no layout; sessao + grant decididos na API","src/app/cliente/app/satisfacao/page.tsx","src/app/cliente/app/layout.tsx","1","","","nao","nao","0","nao","sim","nao","sim","nao","0","admin-entry-delivery.yml|ci.yml|l04-delivery.yml|l05-delivery.yml|l06-delivery.yml|l07-delivery.yml|l08-delivery.yml","ext06-delivery.yml|ux-portal-delivery.yml","satisfaction-postgres|ux-portal-postgres-browser","","","nao"
"/cliente/app/seguranca","portal do cliente autenticado","","","ClientSpaceProvider no layout; sessao + grant decididos na API","src/app/cliente/app/seguranca/page.tsx","src/app/cliente/app/layout.tsx","1","","","nao","nao","0","nao","nao","nao","nao","nao","0","admin-entry-delivery.yml|ci.yml|l04-delivery.yml|l05-delivery.yml|l06-delivery.yml|l07-delivery.yml|l08-delivery.yml","ux-portal-delivery.yml","ux-portal-postgres-browser","","","nao"
"/cliente/app/solicitacoes","portal do cliente autenticado","","","ClientSpaceProvider no layout; sessao + grant decididos na API","src/app/cliente/app/solicitacoes/page.tsx","src/app/cliente/app/layout.tsx","1","","","nao","nao","0","nao","sim","nao","sim","nao","0","admin-entry-delivery.yml|ci.yml|l04-delivery.yml|l05-delivery.yml|l06-delivery.yml|l07-delivery.yml|l08-delivery.yml","ux-portal-delivery.yml","ux-portal-postgres-browser","","","nao"
"/cliente/chamados","entrada/recuperacao do cliente","","","entrada publica de acesso/recuperacao; validar fluxo de convite","src/app/cliente/chamados/page.tsx","src/app/layout.tsx","2","","","nao","nao","0","sim","nao","nao","nao","nao","0","admin-entry-delivery.yml|ci.yml|l04-delivery.yml|l05-delivery.yml|l06-delivery.yml|l07-delivery.yml|l08-delivery.yml","ux-portal-delivery.yml","ux-portal-postgres-browser","","","nao"
"/cliente/confirmar-email","entrada/recuperacao do cliente","","","entrada publica de acesso/recuperacao; validar fluxo de convite","src/app/cliente/confirmar-email/page.tsx","src/app/layout.tsx","1","","","nao","nao","0","nao","sim","nao","sim","nao","0","admin-entry-delivery.yml|ci.yml|l04-delivery.yml|l05-delivery.yml|l06-delivery.yml|l07-delivery.yml|l08-delivery.yml","ux-portal-delivery.yml","ux-portal-postgres-browser","","","nao"
"/cliente/conta","entrada/recuperacao do cliente","","","entrada publica de acesso/recuperacao; validar fluxo de convite","src/app/cliente/conta/page.tsx","src/app/layout.tsx","1","","","nao","nao","0","sim","nao","nao","sim","nao","0","admin-entry-delivery.yml|ci.yml|l04-delivery.yml|l05-delivery.yml|l06-delivery.yml|l07-delivery.yml|l08-delivery.yml","ux-portal-delivery.yml","ux-portal-postgres-browser","","","nao"
"/cliente/contratos","entrada/recuperacao do cliente","","","entrada publica de acesso/recuperacao; validar fluxo de convite","src/app/cliente/contratos/page.tsx","src/app/layout.tsx","1","","","nao","nao","0","sim","nao","nao","sim","nao","0","admin-entry-delivery.yml|ci.yml|l04-delivery.yml|l05-delivery.yml|l06-delivery.yml|l07-delivery.yml|l08-delivery.yml","ux-portal-delivery.yml","ux-portal-postgres-browser","","","nao"
"/cliente/convite","entrada/recuperacao do cliente","","","entrada publica de acesso/recuperacao; validar fluxo de convite","src/app/cliente/convite/page.tsx","src/app/layout.tsx","1","","","nao","nao","0","nao","sim","nao","nao","nao","0","admin-entry-delivery.yml|ci.yml|l04-delivery.yml|l05-delivery.yml|l06-delivery.yml|l07-delivery.yml|l08-delivery.yml","ux-portal-delivery.yml","ux-portal-postgres-browser","","","nao"
"/cliente/documentos","entrada/recuperacao do cliente","","","entrada publica de acesso/recuperacao; validar fluxo de convite","src/app/cliente/documentos/page.tsx","src/app/layout.tsx","1","","","nao","nao","0","sim","nao","nao","sim","nao","0","admin-entry-delivery.yml|ci.yml|l04-delivery.yml|l05-delivery.yml|l06-delivery.yml|l07-delivery.yml|l08-delivery.yml","ux-portal-delivery.yml","ux-portal-postgres-browser","","","nao"
"/cliente/entrar","entrada/recuperacao do cliente","","","entrada publica de acesso/recuperacao; validar fluxo de convite","src/app/cliente/entrar/page.tsx","src/app/layout.tsx","1","","","nao","nao","0","nao","nao","nao","nao","nao","0","admin-entry-delivery.yml|ci.yml|l04-delivery.yml|l05-delivery.yml|l06-delivery.yml|l07-delivery.yml|l08-delivery.yml","ux-portal-delivery.yml","ux-portal-postgres-browser","","","nao"
"/cliente/painel","entrada/recuperacao do cliente","","","entrada publica de acesso/recuperacao; validar fluxo de convite","src/app/cliente/painel/page.tsx","src/app/layout.tsx","1","","","nao","nao","0","sim","nao","nao","sim","nao","0","admin-entry-delivery.yml|ci.yml|l04-delivery.yml|l05-delivery.yml|l06-delivery.yml|l07-delivery.yml|l08-delivery.yml","ux-portal-delivery.yml","ux-portal-postgres-browser","","","nao"
"/cliente/recuperar-senha","entrada/recuperacao do cliente","","","entrada publica de acesso/recuperacao; validar fluxo de convite","src/app/cliente/recuperar-senha/page.tsx","src/app/layout.tsx","1","","","nao","nao","0","sim","nao","nao","sim","nao","0","admin-entry-delivery.yml|ci.yml|l04-delivery.yml|l05-delivery.yml|l06-delivery.yml|l07-delivery.yml|l08-delivery.yml","ux-portal-delivery.yml","ux-portal-postgres-browser","","","nao"
"/cliente/redefinir-senha","entrada/recuperacao do cliente","","","entrada publica de acesso/recuperacao; validar fluxo de convite","src/app/cliente/redefinir-senha/page.tsx","src/app/layout.tsx","1","","","nao","nao","0","nao","sim","nao","sim","nao","0","admin-entry-delivery.yml|ci.yml|l04-delivery.yml|l05-delivery.yml|l06-delivery.yml|l07-delivery.yml|l08-delivery.yml","ux-portal-delivery.yml","ux-portal-postgres-browser","","","nao"
"/cliente/seguranca","entrada/recuperacao do cliente","","","entrada publica de acesso/recuperacao; validar fluxo de convite","src/app/cliente/seguranca/page.tsx","src/app/layout.tsx","1","","","nao","nao","0","sim","nao","nao","sim","nao","0","admin-entry-delivery.yml|ci.yml|l04-delivery.yml|l05-delivery.yml|l06-delivery.yml|l07-delivery.yml|l08-delivery.yml","ux-portal-delivery.yml","ux-portal-postgres-browser","","","nao"
"/contato","site publico","","","publica ou condicional; verificar origem do conteudo","src/app/contato/page.tsx","src/app/layout.tsx","1","","","nao","nao","0","nao","nao","nao","nao","nao","0","admin-entry-delivery.yml|ci.yml|l04-delivery.yml|l05-delivery.yml|l06-delivery.yml|l07-delivery.yml|l08-delivery.yml","fech-01-rag-widget-delivery.yml","focal","","","nao"
"/conteudos","site publico","","","publica ou condicional; verificar origem do conteudo","src/app/conteudos/page.tsx","src/app/layout.tsx","1","","","nao","nao","0","nao","nao","nao","nao","nao","0","admin-entry-delivery.yml|ci.yml|l04-delivery.yml|l05-delivery.yml|l06-delivery.yml|l07-delivery.yml|l08-delivery.yml","","","","","nao"
"/conteudos/[slug]","site publico","","","publica ou condicional; verificar origem do conteudo","src/app/conteudos/[slug]/page.tsx","src/app/layout.tsx","1","","","nao","nao","0","nao","nao","nao","nao","nao","0","admin-entry-delivery.yml|ci.yml|l04-delivery.yml|l05-delivery.yml|l06-delivery.yml|l07-delivery.yml|l08-delivery.yml","","","","","nao"
"/faq","site publico","","","publica ou condicional; verificar origem do conteudo","src/app/faq/page.tsx","src/app/layout.tsx","1","","","nao","nao","0","sim","nao","nao","sim","nao","0","admin-entry-delivery.yml|ci.yml|l04-delivery.yml|l05-delivery.yml|l06-delivery.yml|l07-delivery.yml|l08-delivery.yml","","","","","nao"
"/funcionario","portal do funcionario","","","EmployeePortal; sessao decidida na API","src/app/funcionario/page.tsx","src/app/layout.tsx","3","UiState","","nao","nao","0","nao","sim","sim","sim","sim","0","admin-entry-delivery.yml|ci.yml|l04-delivery.yml|l05-delivery.yml|l06-delivery.yml|l07-delivery.yml|l08-delivery.yml","ux-portal-delivery.yml","ux-portal-postgres-browser","","","nao"
"/layout-01","previas visuais de layout","","","publica ou condicional; verificar origem do conteudo","src/app/layout-01/page.tsx","src/app/layout.tsx","1","","","nao","nao","0","nao","nao","nao","nao","nao","0","admin-entry-delivery.yml|ci.yml|l04-delivery.yml|l05-delivery.yml|l06-delivery.yml|l07-delivery.yml|l08-delivery.yml","","","","","nao"
"/layout-02","previas visuais de layout","","","publica ou condicional; verificar origem do conteudo","src/app/layout-02/page.tsx","src/app/layout.tsx","1","","","nao","nao","0","nao","nao","nao","nao","nao","0","admin-entry-delivery.yml|ci.yml|l04-delivery.yml|l05-delivery.yml|l06-delivery.yml|l07-delivery.yml|l08-delivery.yml","","","","","nao"
"/layout-03","previas visuais de layout","","","publica ou condicional; verificar origem do conteudo","src/app/layout-03/page.tsx","src/app/layout.tsx","1","","","nao","nao","0","nao","nao","nao","nao","nao","0","admin-entry-delivery.yml|ci.yml|l04-delivery.yml|l05-delivery.yml|l06-delivery.yml|l07-delivery.yml|l08-delivery.yml","","","","","nao"
"/layout-04","previas visuais de layout","","","publica ou condicional; verificar origem do conteudo","src/app/layout-04/page.tsx","src/app/layout.tsx","1","","","nao","nao","0","nao","nao","nao","nao","nao","0","admin-entry-delivery.yml|ci.yml|l04-delivery.yml|l05-delivery.yml|l06-delivery.yml|l07-delivery.yml|l08-delivery.yml","","","","","nao"
"/layout-05","previas visuais de layout","","","publica ou condicional; verificar origem do conteudo","src/app/layout-05/page.tsx","src/app/layout.tsx","1","","","nao","nao","0","nao","nao","nao","nao","nao","0","admin-entry-delivery.yml|ci.yml|l04-delivery.yml|l05-delivery.yml|l06-delivery.yml|l07-delivery.yml|l08-delivery.yml","","","","","nao"
"/layout-06","previas visuais de layout","","","publica ou condicional; verificar origem do conteudo","src/app/layout-06/page.tsx","src/app/layout.tsx","1","","","nao","nao","0","nao","nao","nao","nao","nao","0","admin-entry-delivery.yml|ci.yml|l04-delivery.yml|l05-delivery.yml|l06-delivery.yml|l07-delivery.yml|l08-delivery.yml","","","","","nao"
"/layout-07","previas visuais de layout","","","publica ou condicional; verificar origem do conteudo","src/app/layout-07/page.tsx","src/app/layout.tsx","1","","","nao","nao","0","nao","nao","nao","nao","nao","0","admin-entry-delivery.yml|ci.yml|l04-delivery.yml|l05-delivery.yml|l06-delivery.yml|l07-delivery.yml|l08-delivery.yml","","","","","nao"
"/layout-08","previas visuais de layout","","","publica ou condicional; verificar origem do conteudo","src/app/layout-08/page.tsx","src/app/layout.tsx","1","","","nao","nao","0","nao","nao","nao","nao","nao","0","admin-entry-delivery.yml|ci.yml|l04-delivery.yml|l05-delivery.yml|l06-delivery.yml|l07-delivery.yml|l08-delivery.yml","","","","","nao"
"/layout-09","previas visuais de layout","","","publica ou condicional; verificar origem do conteudo","src/app/layout-09/page.tsx","src/app/layout.tsx","1","","","nao","nao","0","nao","nao","nao","nao","nao","0","admin-entry-delivery.yml|ci.yml|l04-delivery.yml|l05-delivery.yml|l06-delivery.yml|l07-delivery.yml|l08-delivery.yml","","","","","nao"
"/layout-10","previas visuais de layout","","","publica ou condicional; verificar origem do conteudo","src/app/layout-10/page.tsx","src/app/layout.tsx","1","","","nao","nao","0","nao","nao","nao","nao","nao","0","admin-entry-delivery.yml|ci.yml|l04-delivery.yml|l05-delivery.yml|l06-delivery.yml|l07-delivery.yml|l08-delivery.yml","","","","","nao"
"/layout-preview","previas visuais de layout","","","publica ou condicional; verificar origem do conteudo","src/app/layout-preview/page.tsx","src/app/layout.tsx","1","","","nao","nao","0","nao","nao","nao","nao","nao","0","admin-entry-delivery.yml|ci.yml|l04-delivery.yml|l05-delivery.yml|l06-delivery.yml|l07-delivery.yml|l08-delivery.yml","","","","","nao"
"/orcamento","site publico","","","publica ou condicional; verificar origem do conteudo","src/app/orcamento/page.tsx","src/app/layout.tsx","1","","","nao","nao","0","nao","nao","nao","sim","nao","0","admin-entry-delivery.yml|ci.yml|l04-delivery.yml|l05-delivery.yml|l06-delivery.yml|l07-delivery.yml|l08-delivery.yml","","","","","nao"
"/pacotes","site publico","","","publica ou condicional; verificar origem do conteudo","src/app/pacotes/page.tsx","src/app/layout.tsx","1","","","nao","nao","0","nao","nao","nao","nao","nao","0","admin-entry-delivery.yml|ci.yml|l04-delivery.yml|l05-delivery.yml|l06-delivery.yml|l07-delivery.yml|l08-delivery.yml","","","","","nao"
"/privacidade","site publico","","","publica ou condicional; verificar origem do conteudo","src/app/privacidade/page.tsx","src/app/layout.tsx","1","","","nao","nao","0","nao","nao","nao","nao","nao","0","admin-entry-delivery.yml|ci.yml|l04-delivery.yml|l05-delivery.yml|l06-delivery.yml|l07-delivery.yml|l08-delivery.yml","","","","","nao"
"/proposta/aceite/[token]","site publico","","","publica ou condicional; verificar origem do conteudo","src/app/proposta/aceite/[token]/page.tsx","src/app/layout.tsx","2","","","nao","nao","1","nao","sim","nao","nao","nao","0","admin-entry-delivery.yml|ci.yml|l04-delivery.yml|l05-delivery.yml|l06-delivery.yml|l07-delivery.yml|l08-delivery.yml","","","","","nao"
"/qa/modulos","homologacao local (restrita)","","","notFound() salvo em modo de homologacao loopback","src/app/qa/modulos/page.tsx","src/app/layout.tsx","2","","","nao","nao","0","sim","nao","nao","nao","nao","0","admin-entry-delivery.yml|ci.yml|l04-delivery.yml|l05-delivery.yml|l06-delivery.yml|l07-delivery.yml|l08-delivery.yml","","","","","nao"
"/segmentos","site publico","","","publica ou condicional; verificar origem do conteudo","src/app/segmentos/page.tsx","src/app/layout.tsx","1","","","nao","nao","0","nao","nao","nao","nao","nao","0","admin-entry-delivery.yml|ci.yml|l04-delivery.yml|l05-delivery.yml|l06-delivery.yml|l07-delivery.yml|l08-delivery.yml","","","","","nao"
"/segmentos/[key]","site publico","","","publica ou condicional; verificar origem do conteudo","src/app/segmentos/[key]/page.tsx","src/app/layout.tsx","1","","","nao","nao","0","nao","nao","nao","nao","nao","0","admin-entry-delivery.yml|ci.yml|l04-delivery.yml|l05-delivery.yml|l06-delivery.yml|l07-delivery.yml|l08-delivery.yml","","","","","nao"
"/servicos","site publico","","","publica ou condicional; verificar origem do conteudo","src/app/servicos/page.tsx","src/app/layout.tsx","1","","","nao","nao","0","nao","nao","nao","nao","nao","0","admin-entry-delivery.yml|ci.yml|l04-delivery.yml|l05-delivery.yml|l06-delivery.yml|l07-delivery.yml|l08-delivery.yml","","","","","nao"
"/servicos/[id]","site publico","","","publica ou condicional; verificar origem do conteudo","src/app/servicos/[id]/page.tsx","src/app/layout.tsx","1","","","nao","nao","0","nao","nao","nao","nao","nao","0","admin-entry-delivery.yml|ci.yml|l04-delivery.yml|l05-delivery.yml|l06-delivery.yml|l07-delivery.yml|l08-delivery.yml","","","","","nao"
"/simulador","site publico","","","publica ou condicional; verificar origem do conteudo","src/app/simulador/page.tsx","src/app/layout.tsx","1","","","nao","nao","0","nao","nao","nao","sim","sim","0","admin-entry-delivery.yml|ci.yml|l04-delivery.yml|l05-delivery.yml|l06-delivery.yml|l07-delivery.yml|l08-delivery.yml","","","","","nao"
