rota,area,posicao_no_catalogo,papel_declarado,gate,layout,arquivo,componentes_compartilhados,primitivos_ui,tema_tokens,tema_cores_literais,tema_scope_dia_noite,responsividade_media_queries,estados_no_codigo,marcadores_demonstrativos,marcador_previa,evid_codigo,evid_teste_automatizado,evid_captura_visual,evid_validacao_manual,evid_aceite_humano,lacunas
"/","Site público e entradas","não aplicável","público ou sem papel declarado no arquivo","nenhum no arquivo de rota","src/app/layout.tsx","src/app/page.tsx","components/DevelopmentPreviewNav.tsx | components/Layout01.tsx | components/Layout02.tsx | components/Layout03.tsx | components/Layout04.tsx | components/Layout05.tsx | components/Layout07.tsx | components/Layout08.tsx | components/Layout09.tsx | components/Layout10.tsx | components/PublicSite.tsx | components/SiteVisualRenderer.tsx","nenhum","0","11","não declarado (sem escopo administrativo)","2","carregamento | vazio | sucesso","demonstração | simulador","sim","código: src/app/page.tsx","16 arquivo(s): scripts/demo-offline-snapshot.mjs | scripts/ux00-inventory.mjs | tests/admin-entry.test.mjs | tests/ext07-compliance.test.mjs | tests/l02-delivery.integration.test.mjs | tests/l04-delivery.integration.test.mjs | tests/l05-delivery.integration.test.mjs | tests/l06-delivery.integration.test.mjs | tests/l08-delivery.integration.test.mjs | tests/seo-technical.test.mjs | tests/ux-continuity-workspace.integration.test.mjs | tests/ux-contract-vocabulary.test.mjs | tests/ux-expansion-workspace.integration.test.mjs | tests/ux-finance-vocabulary.test.mjs | tests/ux-fleet-workspace.integration.test.mjs | tests/ux-ops-vocabulary.test.mjs","0","não registrada por rota no repositório","não registrado por rota","sem captura visual registrada; teclado não validado nesta matriz; dia/noite não validado nesta matriz; responsividade 320/390/768/1440 não validada nesta matriz; dados demonstrativos/prévia sinalizados no código"
"/admin","Área administrativa — fora do catálogo global","fora do catálogo","conforme AdminHub","hub: AdminHub contém AdminGate","src/app/layout.tsx","src/app/admin/page.tsx","components/ui/UiCardLink.tsx","UiCardLink","42","112","escopo data-admin-theme-scope presente na árvore","3","erro | vazio | negado | sucesso","protótipo","não","código: src/app/admin/page.tsx","6 arquivo(s): scripts/ux00-inventory.mjs | tests/admin-entry.integration.test.mjs | tests/admin-entry.test.mjs | tests/l04-delivery.integration.test.mjs | tests/seo-technical.test.mjs | tests/ux-pro-00-inventory.test.mjs","0","não registrada por rota no repositório","não registrado por rota","sem captura visual registrada; teclado não validado nesta matriz; dia/noite não validado nesta matriz; responsividade 320/390/768/1440 não validada nesta matriz; dados demonstrativos/prévia sinalizados no código"
"/admin/analytics","Visão e pendências","destino direto","admin,ti,marcelo","AdminGate (papéis literais)","src/app/layout.tsx","src/app/admin/analytics/page.tsx","app/admin/AdminGate.tsx | app/admin/AdminThemeToggle.tsx | components/BrandLogo.tsx | components/ui/UiBadge.tsx | components/ui/UiState.tsx","UiBadge | UiBadgeTone | UiState | UiStateVariant | UiWorkspace","122","119","escopo data-admin-theme-scope presente na árvore (AdminGate)","5","UiState | carregamento | erro | vazio | negado | sucesso","fictícia | protótipo","não","código: src/app/admin/analytics/page.tsx","1 arquivo(s): tests/ux-analytics-workspace.integration.test.mjs","2 registro(s) em docs/ux-07-analytics-evidencias/resumo.json","não registrada por rota no repositório","não registrado por rota","teclado não validado nesta matriz; dia/noite não validado nesta matriz; responsividade 320/390/768/1440 não validada nesta matriz; dados demonstrativos/prévia sinalizados no código"
"/admin/aparencia","Sistema","destino direto","admin,marcelo,ti","AdminGate (papéis literais)","src/app/layout.tsx","src/app/admin/aparencia/page.tsx","app/admin/AdminGate.tsx | app/admin/AdminThemeToggle.tsx | components/AppearanceGallery.tsx | components/BrandLogo.tsx","nenhum","73","134","escopo data-admin-theme-scope presente na árvore (AdminGate)","5","carregamento | erro | vazio | negado | sucesso","nenhum","sim","código: src/app/admin/aparencia/page.tsx","0","0","não registrada por rota no repositório","não registrado por rota","sem gate automatizado que cite a rota; sem captura visual registrada; teclado não validado nesta matriz; dia/noite não validado nesta matriz; responsividade 320/390/768/1440 não validada nesta matriz"
"/admin/carteira","Clientes e comercial","destino direto","comercial,marcelo,admin,ti","AdminGate (papéis literais)","src/app/layout.tsx","src/app/admin/carteira/page.tsx","app/admin/AdminGate.tsx | app/admin/AdminThemeToggle.tsx | components/BrandLogo.tsx | components/ui/UiState.tsx","UiState | UiStateVariant | UiWorkspace","146","123","escopo data-admin-theme-scope presente na árvore (AdminGate)","6","UiState | carregamento | erro | vazio | negado | sucesso","nenhum","não","código: src/app/admin/carteira/page.tsx","1 arquivo(s): tests/l04-delivery.integration.test.mjs","2 registro(s) em docs/ux-03b-evidencias/resumo.json","não registrada por rota no repositório","não registrado por rota","teclado não validado nesta matriz; dia/noite não validado nesta matriz; responsividade 320/390/768/1440 não validada nesta matriz"
"/admin/clientes","Portais e conhecimento","destino direto","marcelo,ti","AdminGate (papéis literais)","src/app/layout.tsx","src/app/admin/clientes/page.tsx","app/admin/AdminGate.tsx | app/admin/AdminThemeToggle.tsx | components/BrandLogo.tsx | components/ui/UiTaskWorkspace.tsx","UiTaskWorkspace","69","226","escopo data-admin-theme-scope presente na árvore (AdminGate)","6","carregamento | erro | vazio | negado | sucesso","fictício | fictícios | mock | simulador","não","código: src/app/admin/clientes/page.tsx","0","0","não registrada por rota no repositório","não registrado por rota","sem gate automatizado que cite a rota; sem captura visual registrada; teclado não validado nesta matriz; dia/noite não validado nesta matriz; responsividade 320/390/768/1440 não validada nesta matriz; dados demonstrativos/prévia sinalizados no código"
"/admin/comercial","Área administrativa — fora do catálogo global","fora do catálogo","comercial,marcelo,admin,ti","AdminGate (papéis literais)","src/app/layout.tsx","src/app/admin/comercial/page.tsx","app/admin/AdminGate.tsx | app/admin/AdminThemeToggle.tsx | app/admin/ti/CatalogClient.tsx | app/admin/ti/CommercialLibraryClient.tsx | app/admin/ti/CommissionClient.tsx | app/admin/ti/ContractClient.tsx | app/admin/ti/CostParameterClient.tsx | app/admin/ti/DiscountClient.tsx | app/admin/ti/EquipmentClient.tsx | app/admin/ti/InspectionClient.tsx | app/admin/ti/LaborBudgetClient.tsx | app/admin/ti/PartnershipClient.tsx | app/admin/ti/PriceScenarioClient.tsx | app/admin/ti/ProposalAcceptanceClient.tsx | app/admin/ti/ProposalClient.tsx | app/admin/ti/ProposalDeliveryClient.tsx | app/admin/ti/ReportClient.tsx | app/admin/ti/TechnicalBudgetClient.tsx | components/BrandLogo.tsx","UiWorkspace","122","209","escopo data-admin-theme-scope presente na árvore (AdminGate)","5","carregamento | erro | vazio | negado | sucesso","demonstração | exemplo","não","código: src/app/admin/comercial/page.tsx","0","2 registro(s) em docs/ux-03b-evidencias/resumo.json","não registrada por rota no repositório","não registrado por rota","sem gate automatizado que cite a rota; teclado não validado nesta matriz; dia/noite não validado nesta matriz; responsividade 320/390/768/1440 não validada nesta matriz; dados demonstrativos/prévia sinalizados no código"
"/admin/compliance","Financeiro e conformidade","destino direto","marcelo,admin,ti","AdminGate (papéis literais)","src/app/layout.tsx","src/app/admin/compliance/page.tsx","app/admin/AdminGate.tsx | app/admin/AdminThemeToggle.tsx | components/BrandLogo.tsx | components/ui/UiBadge.tsx | components/ui/UiState.tsx","UiBadge | UiBadgeTone | UiState | UiStateVariant | UiWorkspace","122","119","escopo data-admin-theme-scope presente na árvore (AdminGate)","5","UiState | carregamento | erro | vazio | negado | sucesso","exemplo | protótipo","não","código: src/app/admin/compliance/page.tsx","1 arquivo(s): tests/ux-compliance-workspace.integration.test.mjs","2 registro(s) em docs/ux-07-compliance-evidencias/resumo.json","não registrada por rota no repositório","não registrado por rota","teclado não validado nesta matriz; dia/noite não validado nesta matriz; responsividade 320/390/768/1440 não validada nesta matriz; dados demonstrativos/prévia sinalizados no código"
"/admin/conhecimento","Portais e conhecimento","destino direto","marcelo,admin,ti","AdminGate (papéis literais)","src/app/layout.tsx","src/app/admin/conhecimento/page.tsx","app/admin/AdminGate.tsx | app/admin/AdminThemeToggle.tsx | components/BrandLogo.tsx | components/ui/UiBadge.tsx | components/ui/UiState.tsx","UiBadge | UiBadgeTone | UiState | UiStateVariant | UiWorkspace","122","119","escopo data-admin-theme-scope presente na árvore (AdminGate)","5","UiState | carregamento | erro | vazio | negado | sucesso","nenhum","não","código: src/app/admin/conhecimento/page.tsx","0","2 registro(s) em docs/ux-07-conhecimento-evidencias/resumo.json","não registrada por rota no repositório","não registrado por rota","sem gate automatizado que cite a rota; teclado não validado nesta matriz; dia/noite não validado nesta matriz; responsividade 320/390/768/1440 não validada nesta matriz"
"/admin/continuidade","Área administrativa — fora do catálogo global","fora do catálogo","admin,ti,marcelo,operacao,supervisor","AdminGate (papéis literais)","src/app/layout.tsx","src/app/admin/continuidade/page.tsx","app/admin/AdminGate.tsx | app/admin/AdminThemeToggle.tsx | components/BrandLogo.tsx | components/ui/UiBadge.tsx | components/ui/UiState.tsx","UiBadge | UiBadgeTone | UiState | UiStateVariant | UiWorkspace","122","119","escopo data-admin-theme-scope presente na árvore (AdminGate)","5","UiState | carregamento | erro | vazio | negado | sucesso","simulado | simulados","não","código: src/app/admin/continuidade/page.tsx","1 arquivo(s): tests/ux-continuity-workspace.integration.test.mjs","2 registro(s) em docs/ux-11-continuidade-evidencias/resumo.json","não registrada por rota no repositório","não registrado por rota","teclado não validado nesta matriz; dia/noite não validado nesta matriz; responsividade 320/390/768/1440 não validada nesta matriz; dados demonstrativos/prévia sinalizados no código"
"/admin/contratos","Entrega de serviços","destino direto","marcelo,admin,comercial","AdminGate (papéis literais)","src/app/layout.tsx","src/app/admin/contratos/page.tsx","app/admin/AdminGate.tsx | app/admin/AdminThemeToggle.tsx | components/BrandLogo.tsx | components/ui/UiBadge.tsx | components/ui/UiState.tsx","UiBadge | UiBadgeTone | UiState | UiStateVariant | UiWorkspace","122","119","escopo data-admin-theme-scope presente na árvore (AdminGate)","5","UiState | carregamento | erro | vazio | negado | sucesso","fictícia","não","código: src/app/admin/contratos/page.tsx","1 arquivo(s): tests/ux-contract-workspace.integration.test.mjs","2 registro(s) em docs/ux-07-contratos-evidencias/resumo.json","não registrada por rota no repositório","não registrado por rota","teclado não validado nesta matriz; dia/noite não validado nesta matriz; responsividade 320/390/768/1440 não validada nesta matriz; dados demonstrativos/prévia sinalizados no código"
"/admin/contratos/[id]","Entrega de serviços (subrota)","subrota de destino","marcelo,admin,comercial","AdminGate (papéis literais)","src/app/layout.tsx","src/app/admin/contratos/[id]/page.tsx","app/admin/AdminGate.tsx | app/admin/AdminThemeToggle.tsx | components/BrandLogo.tsx | components/ui/UiBadge.tsx | components/ui/UiState.tsx","UiBadge | UiBadgeTone | UiState | UiStateVariant | UiWorkspace","122","119","escopo data-admin-theme-scope presente na árvore (AdminGate)","5","UiState | carregamento | erro | vazio | negado | sucesso","exemplo","não","código: src/app/admin/contratos/[id]/page.tsx","0","0","não registrada por rota no repositório","não registrado por rota","sem gate automatizado que cite a rota; sem captura visual registrada; teclado não validado nesta matriz; dia/noite não validado nesta matriz; responsividade 320/390/768/1440 não validada nesta matriz; dados demonstrativos/prévia sinalizados no código"
"/admin/convite","Área administrativa — fora do catálogo global","fora do catálogo","não declarado","exceção deliberada: aceite de convite (sem AdminGate)","src/app/layout.tsx","src/app/admin/convite/page.tsx","nenhum","nenhum","0","2","não declarado (sem escopo administrativo)","0","carregamento | erro","nenhum","não","código: src/app/admin/convite/page.tsx","1 arquivo(s): tests/ux-pro-00-inventory.test.mjs","0","não registrada por rota no repositório","não registrado por rota","sem captura visual registrada; teclado não validado nesta matriz; dia/noite não validado nesta matriz; responsividade 320/390/768/1440 não validada nesta matriz"
"/admin/crm","Clientes e comercial","destino direto","comercial,marcelo,admin,ti","AdminGate (papéis literais)","src/app/layout.tsx","src/app/admin/crm/page.tsx","app/admin/AdminGate.tsx | app/admin/AdminThemeToggle.tsx | components/BrandLogo.tsx | components/ui/UiState.tsx","UiState | UiStateVariant","137","170","escopo data-admin-theme-scope presente na árvore (AdminGate)","6","UiState | carregamento | erro | vazio | negado | sucesso","exemplo","sim","código: src/app/admin/crm/page.tsx","4 arquivo(s): tests/admin-entry.test.mjs | tests/admin-navigation.test.mjs | tests/l04-delivery.integration.test.mjs | tests/ux-crm-workspace.integration.test.mjs","2 registro(s) em docs/ux-03b-evidencias/resumo.json","não registrada por rota no repositório","não registrado por rota","teclado não validado nesta matriz; dia/noite não validado nesta matriz; responsividade 320/390/768/1440 não validada nesta matriz; dados demonstrativos/prévia sinalizados no código"
"/admin/emergencial","Entrega de serviços","destino direto","ti,admin","AdminGate (papéis literais)","src/app/layout.tsx","src/app/admin/emergencial/page.tsx","app/admin/AdminGate.tsx | app/admin/AdminThemeToggle.tsx | components/BrandLogo.tsx | components/ui/UiTaskWorkspace.tsx","UiTaskWorkspace","44","120","escopo data-admin-theme-scope presente na árvore (AdminGate)","3","erro | vazio | negado | sucesso","nenhum","não","código: src/app/admin/emergencial/page.tsx","0","0","não registrada por rota no repositório","não registrado por rota","sem gate automatizado que cite a rota; sem captura visual registrada; teclado não validado nesta matriz; dia/noite não validado nesta matriz; responsividade 320/390/768/1440 não validada nesta matriz"
"/admin/entrar","Área administrativa — fora do catálogo global","fora do catálogo","não declarado","entrada de login da equipe (sem AdminGate, por desenho)","src/app/layout.tsx","src/app/admin/entrar/page.tsx","app/admin/AdminThemeToggle.tsx | components/BrandLogo.tsx | components/ui/UiField.tsx","UiField","42","112","escopo data-admin-theme-scope presente na árvore","3","erro | vazio","nenhum","não","código: src/app/admin/entrar/page.tsx","17 arquivo(s): tests/admin-entry.integration.test.mjs | tests/admin-entry.test.mjs | tests/ux-adm-panel.integration.test.mjs | tests/ux-analytics-workspace.integration.test.mjs | tests/ux-compliance-workspace.integration.test.mjs | tests/ux-continuity-workspace.integration.test.mjs | tests/ux-contract-workspace.integration.test.mjs | tests/ux-crm-workspace.integration.test.mjs | tests/ux-expansion-workspace.integration.test.mjs | tests/ux-finance-workspace.integration.test.mjs | tests/ux-fleet-workspace.integration.test.mjs | tests/ux-hr-workspace.integration.test.mjs | tests/ux-ops-workspace.integration.test.mjs | tests/ux-pro-00-inventory.test.mjs | tests/ux-quality-workspace.integration.test.mjs | tests/ux-satisfaction-workspace.integration.test.mjs | tests/ux-third-party-workspace.integration.test.mjs","0","não registrada por rota no repositório","não registrado por rota","sem captura visual registrada; teclado não validado nesta matriz; dia/noite não validado nesta matriz; responsividade 320/390/768/1440 não validada nesta matriz"
"/admin/expansao","Clientes e comercial","destino direto","comercial,financeiro,marcelo,admin,ti","AdminGate (papéis literais)","src/app/layout.tsx","src/app/admin/expansao/page.tsx","app/admin/AdminGate.tsx | app/admin/AdminThemeToggle.tsx | components/BrandLogo.tsx | components/ui/UiBadge.tsx | components/ui/UiState.tsx","UiBadge | UiBadgeTone | UiState | UiStateVariant | UiWorkspace","122","119","escopo data-admin-theme-scope presente na árvore (AdminGate)","5","UiState | carregamento | erro | vazio | negado | sucesso","exemplo | protótipo","não","código: src/app/admin/expansao/page.tsx","1 arquivo(s): tests/ux-expansion-workspace.integration.test.mjs","2 registro(s) em docs/ux-10-expansao-evidencias/resumo.json","não registrada por rota no repositório","não registrado por rota","teclado não validado nesta matriz; dia/noite não validado nesta matriz; responsividade 320/390/768/1440 não validada nesta matriz; dados demonstrativos/prévia sinalizados no código"
"/admin/financeiro","Financeiro e conformidade","destino direto","financeiro,marcelo,admin,ti","AdminGate (papéis literais)","src/app/layout.tsx","src/app/admin/financeiro/page.tsx","app/admin/AdminGate.tsx | app/admin/AdminThemeToggle.tsx | components/BrandLogo.tsx | components/ui/UiBadge.tsx | components/ui/UiState.tsx","UiBadge | UiBadgeTone | UiState | UiStateVariant | UiWorkspace","122","119","escopo data-admin-theme-scope presente na árvore (AdminGate)","5","UiState | carregamento | erro | vazio | negado | sucesso","simulada | simulado | simulador | simulados","não","código: src/app/admin/financeiro/page.tsx","2 arquivo(s): tests/admin-entry.test.mjs | tests/ux-finance-workspace.integration.test.mjs","2 registro(s) em docs/ux-07-financeiro-evidencias/resumo.json","não registrada por rota no repositório","não registrado por rota","teclado não validado nesta matriz; dia/noite não validado nesta matriz; responsividade 320/390/768/1440 não validada nesta matriz; dados demonstrativos/prévia sinalizados no código"
"/admin/fornecedores","Financeiro e conformidade","destino direto","marcelo,admin,ti","AdminGate (papéis literais)","src/app/layout.tsx","src/app/admin/fornecedores/page.tsx","app/admin/AdminGate.tsx | app/admin/AdminThemeToggle.tsx | components/BrandLogo.tsx","nenhum","42","130","escopo data-admin-theme-scope presente na árvore (AdminGate)","3","carregamento | erro | vazio | negado | sucesso","simulado","não","código: src/app/admin/fornecedores/page.tsx","0","2 registro(s) em docs/ux-09-fornecedores-evidencias/resumo.json","não registrada por rota no repositório","não registrado por rota","sem gate automatizado que cite a rota; teclado não validado nesta matriz; dia/noite não validado nesta matriz; responsividade 320/390/768/1440 não validada nesta matriz; dados demonstrativos/prévia sinalizados no código"
"/admin/frota","Entrega de serviços","destino direto","marcelo,admin,ti","AdminGate (papéis literais)","src/app/layout.tsx","src/app/admin/frota/page.tsx","app/admin/AdminGate.tsx | app/admin/AdminThemeToggle.tsx | components/BrandLogo.tsx | components/ui/UiBadge.tsx | components/ui/UiState.tsx","UiBadge | UiBadgeTone | UiState | UiStateVariant | UiWorkspace","122","119","escopo data-admin-theme-scope presente na árvore (AdminGate)","5","UiState | carregamento | erro | vazio | negado | sucesso","exemplo | protótipo","não","código: src/app/admin/frota/page.tsx","1 arquivo(s): tests/ux-fleet-workspace.integration.test.mjs","2 registro(s) em docs/ux-07-frota-evidencias/resumo.json","não registrada por rota no repositório","não registrado por rota","teclado não validado nesta matriz; dia/noite não validado nesta matriz; responsividade 320/390/768/1440 não validada nesta matriz; dados demonstrativos/prévia sinalizados no código"
"/admin/funcionarios","Pessoas","destino direto","rh,marcelo,admin,ti","AdminGate (papéis literais)","src/app/layout.tsx","src/app/admin/funcionarios/page.tsx","app/admin/AdminGate.tsx | app/admin/AdminThemeToggle.tsx | app/admin/ti/HrAbsenceClient.tsx | app/admin/ti/HrAdvancedClient.tsx | app/admin/ti/HrBenefitsClient.tsx | app/admin/ti/HrClient.tsx | app/admin/ti/HrRecruitmentClient.tsx | app/admin/ti/HrTerminationClient.tsx | app/admin/ti/HrTrainingClient.tsx | components/BrandLogo.tsx | components/ui/UiBadge.tsx | components/ui/UiState.tsx","UiBadge | UiBadgeTone | UiEmployeePicker | UiRecordPicker | UiState | UiStateVariant | UiTaskWorkspace | UiWorkspace","123","119","escopo data-admin-theme-scope presente na árvore (AdminGate)","5","UiState | carregamento | erro | vazio | negado | sucesso","demonstrativa | demonstrativo | exemplo","não","código: src/app/admin/funcionarios/page.tsx","5 arquivo(s): tests/admin-entry.integration.test.mjs | tests/admin-entry.test.mjs | tests/admin-navigation.test.mjs | tests/l04-delivery.integration.test.mjs | tests/ux-hr-workspace.integration.test.mjs","2 registro(s) em docs/ux-04-evidencias/resumo.json","não registrada por rota no repositório","não registrado por rota","teclado não validado nesta matriz; dia/noite não validado nesta matriz; responsividade 320/390/768/1440 não validada nesta matriz; dados demonstrativos/prévia sinalizados no código"
"/admin/inteligencia","Clientes e comercial","destino direto","ti,admin","AdminGate (papéis literais)","src/app/layout.tsx","src/app/admin/inteligencia/page.tsx","app/admin/AdminGate.tsx | app/admin/AdminThemeToggle.tsx | components/BrandLogo.tsx | components/ui/UiState.tsx","UiState | UiStateVariant | UiWorkspace","122","119","escopo data-admin-theme-scope presente na árvore (AdminGate)","5","UiState | carregamento | erro | vazio | negado | sucesso","nenhum","não","código: src/app/admin/inteligencia/page.tsx","0","2 registro(s) em docs/ux-07-inteligencia-comercial-evidencias/resumo.json","não registrada por rota no repositório","não registrado por rota","sem gate automatizado que cite a rota; teclado não validado nesta matriz; dia/noite não validado nesta matriz; responsividade 320/390/768/1440 não validada nesta matriz"
"/admin/leads","Clientes e comercial","destino direto","comercial,marcelo,admin,ti","AdminGate (papéis literais)","src/app/layout.tsx","src/app/admin/leads/page.tsx","app/admin/AdminGate.tsx | app/admin/AdminThemeToggle.tsx | components/BrandLogo.tsx | components/ui/UiTaskWorkspace.tsx","UiTaskWorkspace","69","195","escopo data-admin-theme-scope presente na árvore (AdminGate)","7","carregamento | erro | vazio | negado | sucesso","nenhum","não","código: src/app/admin/leads/page.tsx","2 arquivo(s): tests/l04-delivery.integration.test.mjs | tests/seo-technical.test.mjs","0","não registrada por rota no repositório","não registrado por rota","sem captura visual registrada; teclado não validado nesta matriz; dia/noite não validado nesta matriz; responsividade 320/390/768/1440 não validada nesta matriz"
"/admin/licitacoes","Financeiro e conformidade","destino direto","marcelo,admin,ti","AdminGate (papéis literais)","src/app/layout.tsx","src/app/admin/licitacoes/page.tsx","app/admin/AdminGate.tsx | app/admin/AdminThemeToggle.tsx | components/BrandLogo.tsx | components/ui/UiState.tsx","UiState | UiStateVariant | UiWorkspace","122","119","escopo data-admin-theme-scope presente na árvore (AdminGate)","5","UiState | carregamento | erro | vazio | negado | sucesso","simuladas","não","código: src/app/admin/licitacoes/page.tsx","0","2 registro(s) em docs/ux-08-licitacoes-evidencias/resumo.json","não registrada por rota no repositório","não registrado por rota","sem gate automatizado que cite a rota; teclado não validado nesta matriz; dia/noite não validado nesta matriz; responsividade 320/390/768/1440 não validada nesta matriz; dados demonstrativos/prévia sinalizados no código"
"/admin/marcelo","Visão e pendências","destino direto","marcelo,admin,ti","AdminGate (papéis literais)","src/app/layout.tsx","src/app/admin/marcelo/page.tsx","app/admin/AdminGate.tsx | app/admin/AdminThemeToggle.tsx | components/BrandLogo.tsx | components/ui/UiBadge.tsx | components/ui/UiState.tsx","UiBadge | UiBadgeTone | UiState | UiStateVariant | UiWorkspace","140","119","escopo data-admin-theme-scope presente na árvore (AdminGate)","7","UiState | carregamento | erro | vazio | negado | sucesso","protótipo","não","código: src/app/admin/marcelo/page.tsx","3 arquivo(s): tests/admin-entry.integration.test.mjs | tests/admin-entry.test.mjs | tests/ux-adm-panel.integration.test.mjs","2 registro(s) em docs/ux-05-evidencias/resumo.json","não registrada por rota no repositório","não registrado por rota","teclado não validado nesta matriz; dia/noite não validado nesta matriz; responsividade 320/390/768/1440 não validada nesta matriz; dados demonstrativos/prévia sinalizados no código"
"/admin/marcelo/assistente","Visão e pendências (subrota)","subrota de destino","marcelo,admin","AdminGate (papéis literais)","src/app/layout.tsx","src/app/admin/marcelo/assistente/page.tsx","app/admin/AdminGate.tsx | app/admin/AdminThemeToggle.tsx | components/BrandLogo.tsx | components/RagWidget.tsx | components/ui/UiTaskWorkspace.tsx","UiTaskWorkspace","69","152","escopo data-admin-theme-scope presente na árvore (AdminGate)","5","carregamento | erro | vazio | negado | sucesso","simulada","sim","código: src/app/admin/marcelo/assistente/page.tsx","1 arquivo(s): tests/ai-rag-widget.integration.test.mjs","0","não registrada por rota no repositório","não registrado por rota","sem captura visual registrada; teclado não validado nesta matriz; dia/noite não validado nesta matriz; responsividade 320/390/768/1440 não validada nesta matriz; dados demonstrativos/prévia sinalizados no código"
"/admin/operacao","Entrega de serviços","destino direto","supervisor,marcelo,admin,ti","AdminGate (papéis literais)","src/app/layout.tsx","src/app/admin/operacao/page.tsx","app/admin/AdminGate.tsx | app/admin/AdminThemeToggle.tsx | app/admin/ti/OpsAdvanced2Client.tsx | app/admin/ti/OpsAdvanced3Client.tsx | components/BrandLogo.tsx | components/ui/UiBadge.tsx | components/ui/UiState.tsx","UiBadge | UiBadgeTone | UiState | UiStateVariant | UiWorkspace","124","126","escopo data-admin-theme-scope presente na árvore (AdminGate)","5","UiState | carregamento | erro | vazio | negado | sucesso","fictício | simulado","sim","código: src/app/admin/operacao/page.tsx","2 arquivo(s): tests/l06-delivery.integration.test.mjs | tests/ux-ops-workspace.integration.test.mjs","0","não registrada por rota no repositório","não registrado por rota","sem captura visual registrada; teclado não validado nesta matriz; dia/noite não validado nesta matriz; responsividade 320/390/768/1440 não validada nesta matriz; dados demonstrativos/prévia sinalizados no código"
"/admin/patrimonio","Entrega de serviços","destino direto","supervisor,marcelo,admin,ti","AdminGate (papéis literais)","src/app/layout.tsx","src/app/admin/patrimonio/page.tsx","app/admin/AdminGate.tsx | app/admin/AdminThemeToggle.tsx | components/BrandLogo.tsx | components/ui/UiTableScroll.tsx | components/ui/UiTaskWorkspace.tsx","UiTableScroll | UiTaskWorkspace","44","112","escopo data-admin-theme-scope presente na árvore (AdminGate)","3","carregamento | erro | vazio | negado | sucesso","nenhum","não","código: src/app/admin/patrimonio/page.tsx","1 arquivo(s): tests/l06-delivery.integration.test.mjs","0","não registrada por rota no repositório","não registrado por rota","sem captura visual registrada; teclado não validado nesta matriz; dia/noite não validado nesta matriz; responsividade 320/390/768/1440 não validada nesta matriz"
"/admin/pendencias","Área administrativa — fora do catálogo global","fora do catálogo","admin,ti,marcelo,operacao,supervisor,rh,financeiro,comercial","AdminGate (papéis literais)","src/app/layout.tsx","src/app/admin/pendencias/page.tsx","app/admin/AdminGate.tsx | app/admin/AdminThemeToggle.tsx | components/BrandLogo.tsx","nenhum","42","116","escopo data-admin-theme-scope presente na árvore (AdminGate)","3","erro | vazio | negado | sucesso","nenhum","não","código: src/app/admin/pendencias/page.tsx","0","0","não registrada por rota no repositório","não registrado por rota","sem gate automatizado que cite a rota; sem captura visual registrada; teclado não validado nesta matriz; dia/noite não validado nesta matriz; responsividade 320/390/768/1440 não validada nesta matriz"
"/admin/portal","Portais e conhecimento","destino direto","ti,admin","AdminGate (papéis literais)","src/app/layout.tsx","src/app/admin/portal/page.tsx","app/admin/AdminGate.tsx | app/admin/AdminThemeToggle.tsx | components/BrandLogo.tsx | components/ui/UiTaskWorkspace.tsx","UiTaskWorkspace","69","170","escopo data-admin-theme-scope presente na árvore (AdminGate)","7","erro | vazio | negado | sucesso","demonstrativa | demonstrativo | demonstração | protótipo","sim","código: src/app/admin/portal/page.tsx","0","0","não registrada por rota no repositório","não registrado por rota","sem gate automatizado que cite a rota; sem captura visual registrada; teclado não validado nesta matriz; dia/noite não validado nesta matriz; responsividade 320/390/768/1440 não validada nesta matriz; dados demonstrativos/prévia sinalizados no código"
"/admin/portal/alertas","Portais e conhecimento (subrota)","subrota de destino","ti,admin","AdminGate (papéis literais)","src/app/layout.tsx","src/app/admin/portal/alertas/page.tsx","app/admin/AdminGate.tsx | app/admin/AdminThemeToggle.tsx | components/BrandLogo.tsx","nenhum","42","210","escopo data-admin-theme-scope presente na árvore (AdminGate)","5","erro | vazio | negado | sucesso","demonstrativa | demonstrativo | demonstração | exemplo | fictícia | fictício | fictícios | simulados","sim","código: src/app/admin/portal/alertas/page.tsx","0","0","não registrada por rota no repositório","não registrado por rota","sem gate automatizado que cite a rota; sem captura visual registrada; teclado não validado nesta matriz; dia/noite não validado nesta matriz; responsividade 320/390/768/1440 não validada nesta matriz; dados demonstrativos/prévia sinalizados no código"
"/admin/portal/autocadastro","Portais e conhecimento (subrota)","subrota de destino","ti,admin","AdminGate (papéis literais)","src/app/layout.tsx","src/app/admin/portal/autocadastro/page.tsx","app/admin/AdminGate.tsx | app/admin/AdminThemeToggle.tsx | components/BrandLogo.tsx","nenhum","42","170","escopo data-admin-theme-scope presente na árvore (AdminGate)","5","erro | vazio | negado | sucesso","demonstrativa | demonstrativos","sim","código: src/app/admin/portal/autocadastro/page.tsx","0","0","não registrada por rota no repositório","não registrado por rota","sem gate automatizado que cite a rota; sem captura visual registrada; teclado não validado nesta matriz; dia/noite não validado nesta matriz; responsividade 320/390/768/1440 não validada nesta matriz; dados demonstrativos/prévia sinalizados no código"
"/admin/portal/convites","Portais e conhecimento (subrota)","subrota de destino","ti,admin","AdminGate (papéis literais)","src/app/layout.tsx","src/app/admin/portal/convites/page.tsx","app/admin/AdminGate.tsx | app/admin/AdminThemeToggle.tsx | components/BrandLogo.tsx","nenhum","42","213","escopo data-admin-theme-scope presente na árvore (AdminGate)","5","erro | vazio | negado","demonstrativo | demonstração | exemplo | fictício | simulados","sim","código: src/app/admin/portal/convites/page.tsx","0","0","não registrada por rota no repositório","não registrado por rota","sem gate automatizado que cite a rota; sem captura visual registrada; teclado não validado nesta matriz; dia/noite não validado nesta matriz; responsividade 320/390/768/1440 não validada nesta matriz; dados demonstrativos/prévia sinalizados no código"
"/admin/portal/permissoes","Portais e conhecimento (subrota)","subrota de destino","ti,admin","AdminGate (papéis literais)","src/app/layout.tsx","src/app/admin/portal/permissoes/page.tsx","app/admin/AdminGate.tsx | app/admin/AdminThemeToggle.tsx | components/BrandLogo.tsx","nenhum","42","212","escopo data-admin-theme-scope presente na árvore (AdminGate)","6","erro | vazio | negado | sucesso","demonstrativa | demonstrativas | demonstração | fictícia | fictícias | fictício | fictícios | protótipo | simuladas | simulado | simulados","sim","código: src/app/admin/portal/permissoes/page.tsx","0","0","não registrada por rota no repositório","não registrado por rota","sem gate automatizado que cite a rota; sem captura visual registrada; teclado não validado nesta matriz; dia/noite não validado nesta matriz; responsividade 320/390/768/1440 não validada nesta matriz; dados demonstrativos/prévia sinalizados no código"
"/admin/portal/solicitacoes","Portais e conhecimento (subrota)","subrota de destino","ti,admin","AdminGate (papéis literais)","src/app/layout.tsx","src/app/admin/portal/solicitacoes/page.tsx","app/admin/AdminGate.tsx | app/admin/AdminThemeToggle.tsx | components/BrandLogo.tsx","nenhum","42","293","escopo data-admin-theme-scope presente na árvore (AdminGate)","5","carregamento | erro | vazio | negado | sucesso","nenhum","não","código: src/app/admin/portal/solicitacoes/page.tsx","0","0","não registrada por rota no repositório","não registrado por rota","sem gate automatizado que cite a rota; sem captura visual registrada; teclado não validado nesta matriz; dia/noite não validado nesta matriz; responsividade 320/390/768/1440 não validada nesta matriz"
"/admin/publicacao","Área administrativa — fora do catálogo global","fora do catálogo","marcelo,ti,comercial,admin","AdminGate (papéis literais)","src/app/layout.tsx","src/app/admin/publicacao/page.tsx","app/admin/AdminGate.tsx | app/admin/AdminThemeToggle.tsx | components/BrandLogo.tsx","nenhum","42","145","escopo data-admin-theme-scope presente na árvore (AdminGate)","3","erro | vazio | negado | sucesso","demonstração","sim","código: src/app/admin/publicacao/page.tsx","1 arquivo(s): tests/l04-delivery.integration.test.mjs","0","não registrada por rota no repositório","não registrado por rota","sem captura visual registrada; teclado não validado nesta matriz; dia/noite não validado nesta matriz; responsividade 320/390/768/1440 não validada nesta matriz; dados demonstrativos/prévia sinalizados no código"
"/admin/qualidade","Entrega de serviços","destino direto","marcelo,admin,ti","AdminGate (papéis literais)","src/app/layout.tsx","src/app/admin/qualidade/page.tsx","app/admin/AdminGate.tsx | app/admin/AdminThemeToggle.tsx | components/BrandLogo.tsx | components/ui/UiBadge.tsx | components/ui/UiState.tsx","UiBadge | UiBadgeTone | UiState | UiStateVariant | UiWorkspace","122","119","escopo data-admin-theme-scope presente na árvore (AdminGate)","5","UiState | carregamento | erro | vazio | negado | sucesso","exemplo | protótipo","não","código: src/app/admin/qualidade/page.tsx","1 arquivo(s): tests/ux-quality-workspace.integration.test.mjs","2 registro(s) em docs/ux-07-qualidade-evidencias/resumo.json","não registrada por rota no repositório","não registrado por rota","teclado não validado nesta matriz; dia/noite não validado nesta matriz; responsividade 320/390/768/1440 não validada nesta matriz; dados demonstrativos/prévia sinalizados no código"
"/admin/relatorios","Visão e pendências","destino direto","ti,admin","AdminGate (papéis literais)","src/app/layout.tsx","src/app/admin/relatorios/page.tsx","app/admin/AdminGate.tsx | app/admin/AdminThemeToggle.tsx | components/BrandLogo.tsx | components/ui/UiTaskWorkspace.tsx","UiTaskWorkspace","44","123","escopo data-admin-theme-scope presente na árvore (AdminGate)","3","erro | vazio | negado | sucesso","nenhum","não","código: src/app/admin/relatorios/page.tsx","0","0","não registrada por rota no repositório","não registrado por rota","sem gate automatizado que cite a rota; sem captura visual registrada; teclado não validado nesta matriz; dia/noite não validado nesta matriz; responsividade 320/390/768/1440 não validada nesta matriz"
"/admin/rh/assistente","Área administrativa — fora do catálogo global","fora do catálogo","rh,admin","AdminGate (papéis literais)","src/app/layout.tsx","src/app/admin/rh/assistente/page.tsx","app/admin/AdminGate.tsx | app/admin/AdminThemeToggle.tsx | app/admin/ti/AiRagClient.tsx | app/admin/ti/ragDemoTemplates.ts | components/BrandLogo.tsx | components/RagWidget.tsx | components/ui/UiTableScroll.tsx | components/ui/UiTaskWorkspace.tsx","UiTableScroll | UiTaskWorkspace","69","167","escopo data-admin-theme-scope presente na árvore (AdminGate)","5","carregamento | erro | vazio | negado | sucesso","demonstração | exemplo | fictícia | fictício | fictícios | simulada","sim","código: src/app/admin/rh/assistente/page.tsx","1 arquivo(s): tests/ai-rag-widget.integration.test.mjs","0","não registrada por rota no repositório","não registrado por rota","sem captura visual registrada; teclado não validado nesta matriz; dia/noite não validado nesta matriz; responsividade 320/390/768/1440 não validada nesta matriz; dados demonstrativos/prévia sinalizados no código"
"/admin/satisfacao","Clientes e comercial","destino direto","marcelo,admin,ti","AdminGate (papéis literais)","src/app/layout.tsx","src/app/admin/satisfacao/page.tsx","app/admin/AdminGate.tsx | app/admin/AdminThemeToggle.tsx | components/BrandLogo.tsx | components/ui/UiBadge.tsx | components/ui/UiState.tsx","UiBadge | UiBadgeTone | UiState | UiStateVariant | UiWorkspace","122","119","escopo data-admin-theme-scope presente na árvore (AdminGate)","5","UiState | carregamento | erro | vazio | negado | sucesso","exemplo | protótipo","não","código: src/app/admin/satisfacao/page.tsx","1 arquivo(s): tests/ux-satisfaction-workspace.integration.test.mjs","2 registro(s) em docs/ux-07-satisfacao-evidencias/resumo.json","não registrada por rota no repositório","não registrado por rota","teclado não validado nesta matriz; dia/noite não validado nesta matriz; responsividade 320/390/768/1440 não validada nesta matriz; dados demonstrativos/prévia sinalizados no código"
"/admin/tema","Área administrativa — fora do catálogo global","fora do catálogo","marcelo,ti,admin","AdminGate (papéis literais)","src/app/layout.tsx","src/app/admin/tema/page.tsx","app/admin/AdminGate.tsx | app/admin/AdminThemeToggle.tsx | app/admin/publicacao/PublicationClient.tsx | components/BrandLogo.tsx","nenhum","42","145","escopo data-admin-theme-scope presente na árvore (AdminGate)","3","erro | vazio | negado | sucesso","demonstração","sim","código: src/app/admin/tema/page.tsx","0","0","não registrada por rota no repositório","não registrado por rota","sem gate automatizado que cite a rota; sem captura visual registrada; teclado não validado nesta matriz; dia/noite não validado nesta matriz; responsividade 320/390/768/1440 não validada nesta matriz; dados demonstrativos/prévia sinalizados no código"
"/admin/terceiros","Entrega de serviços","destino direto","marcelo,admin,ti","AdminGate (papéis literais)","src/app/layout.tsx","src/app/admin/terceiros/page.tsx","app/admin/AdminGate.tsx | app/admin/AdminThemeToggle.tsx | components/BrandLogo.tsx | components/ui/UiBadge.tsx | components/ui/UiState.tsx","UiBadge | UiBadgeTone | UiState | UiStateVariant | UiWorkspace","122","119","escopo data-admin-theme-scope presente na árvore (AdminGate)","5","UiState | carregamento | erro | vazio | negado | sucesso","protótipo | simulada | simulado","não","código: src/app/admin/terceiros/page.tsx","1 arquivo(s): tests/ux-third-party-workspace.integration.test.mjs","2 registro(s) em docs/ux-07-terceiros-evidencias/resumo.json","não registrada por rota no repositório","não registrado por rota","teclado não validado nesta matriz; dia/noite não validado nesta matriz; responsividade 320/390/768/1440 não validada nesta matriz; dados demonstrativos/prévia sinalizados no código"
"/admin/ti","Sistema","destino direto","ti,admin","AdminGate (papéis literais)","src/app/layout.tsx","src/app/admin/ti/page.tsx","app/admin/AdminGate.tsx | app/admin/AdminThemeToggle.tsx | components/BrandLogo.tsx | components/ui/UiTaskWorkspace.tsx","UiTableScroll | UiTaskWorkspace","49","253","escopo data-admin-theme-scope presente na árvore (AdminGate)","5","carregamento | erro | vazio | negado | sucesso","demonstração | exemplo | fictícia | fictício | fictícios","não","código: src/app/admin/ti/page.tsx","1 arquivo(s): tests/ux-contract-workspace.integration.test.mjs","0","não registrada por rota no repositório","não registrado por rota","sem captura visual registrada; teclado não validado nesta matriz; dia/noite não validado nesta matriz; responsividade 320/390/768/1440 não validada nesta matriz; dados demonstrativos/prévia sinalizados no código"
"/admin/verificacao-manual","Área administrativa — fora do catálogo global","fora do catálogo","não declarado","exceção deliberada: verificação manual (sem AdminGate)","src/app/layout.tsx","src/app/admin/verificacao-manual/page.tsx","app/admin/AdminThemeToggle.tsx","nenhum","0","6","escopo data-admin-theme-scope presente na árvore","1","carregamento | erro | vazio | sucesso","fictícia","não","código: src/app/admin/verificacao-manual/page.tsx","1 arquivo(s): tests/ux-pro-00-inventory.test.mjs","0","não registrada por rota no repositório","não registrado por rota","sem captura visual registrada; teclado não validado nesta matriz; dia/noite não validado nesta matriz; responsividade 320/390/768/1440 não validada nesta matriz; dados demonstrativos/prévia sinalizados no código"
"/admin/visual","Área administrativa — fora do catálogo global","fora do catálogo","não declarado","redirect de compatibilidade para /admin/aparencia","src/app/layout.tsx","src/app/admin/visual/page.tsx","nenhum","nenhum","0","0","não declarado (sem escopo administrativo)","0","nenhum declarado","nenhum","não","código: src/app/admin/visual/page.tsx","2 arquivo(s): tests/ext12-visual.test.mjs | tests/ux-pro-00-inventory.test.mjs","0","não registrada por rota no repositório","não registrado por rota","sem captura visual registrada; teclado não validado nesta matriz; dia/noite não validado nesta matriz; responsividade 320/390/768/1440 não validada nesta matriz; redirect: sem tela própria para testar; estados não declarados no código da rota"
"/cliente","Portal do cliente (entrada, prévia e recuperação)","não aplicável","público ou sem papel declarado no arquivo","nenhum no arquivo de rota","src/app/layout.tsx","src/app/cliente/page.tsx","components/BrandLogo.tsx","nenhum","0","58","não declarado (sem escopo administrativo)","2","vazio","nenhum","sim","código: src/app/cliente/page.tsx","2 arquivo(s): scripts/ux00-inventory.mjs | tests/l04-delivery.integration.test.mjs","0","não registrada por rota no repositório","não registrado por rota","sem captura visual registrada; teclado não validado nesta matriz; dia/noite não validado nesta matriz; responsividade 320/390/768/1440 não validada nesta matriz"
"/cliente/acesso","Portal do cliente (entrada, prévia e recuperação)","não aplicável","público ou sem papel declarado no arquivo","nenhum no arquivo de rota","src/app/layout.tsx","src/app/cliente/acesso/page.tsx","nenhum","nenhum","0","46","não declarado (sem escopo administrativo)","1","erro | vazio | sucesso","nenhum","não","código: src/app/cliente/acesso/page.tsx","1 arquivo(s): tests/l04-delivery.integration.test.mjs","0","não registrada por rota no repositório","não registrado por rota","sem captura visual registrada; teclado não validado nesta matriz; dia/noite não validado nesta matriz; responsividade 320/390/768/1440 não validada nesta matriz"
"/cliente/alterar-email","Portal do cliente (entrada, prévia e recuperação)","não aplicável","público ou sem papel declarado no arquivo","nenhum no arquivo de rota","src/app/layout.tsx","src/app/cliente/alterar-email/page.tsx","components/ClientPortalNavigation.tsx","nenhum","0","65","não declarado (sem escopo administrativo)","2","vazio | sucesso","demonstrativo | demonstração | exemplo | fictícia | fictícios | simulada","sim","código: src/app/cliente/alterar-email/page.tsx","0","0","não registrada por rota no repositório","não registrado por rota","sem gate automatizado que cite a rota; sem captura visual registrada; teclado não validado nesta matriz; dia/noite não validado nesta matriz; responsividade 320/390/768/1440 não validada nesta matriz; dados demonstrativos/prévia sinalizados no código"
"/cliente/app","Área autenticada do cliente","não aplicável","cliente com grant ativo (servidor decide)","RealAccessShell + ClientSpaceProvider (layout)","src/app/layout.tsx + src/app/cliente/app/layout.tsx","src/app/cliente/app/page.tsx","components/ui/UiState.tsx","UiState | UiStateVariant","119","127","não declarado (sem escopo administrativo)","3","UiState | carregamento | erro | vazio | negado | sucesso","demonstração","não","código: src/app/cliente/app/page.tsx","3 arquivo(s): scripts/ux00-inventory.mjs | tests/admin-entry.test.mjs | tests/ux-portal-workspace.integration.test.mjs","0","não registrada por rota no repositório","não registrado por rota","sem captura visual registrada; teclado não validado nesta matriz; dia/noite não validado nesta matriz; responsividade 320/390/768/1440 não validada nesta matriz; dados demonstrativos/prévia sinalizados no código"
"/cliente/app/agenda","Área autenticada do cliente","não aplicável","cliente com grant ativo (servidor decide)","RealAccessShell + ClientSpaceProvider (layout)","src/app/layout.tsx + src/app/cliente/app/layout.tsx","src/app/cliente/app/agenda/page.tsx","app/cliente/app/ClientSpaceProvider.tsx","UiState","95","123","não declarado (sem escopo administrativo)","2","UiState | carregamento | erro | vazio | negado | sucesso","demonstração","não","código: src/app/cliente/app/agenda/page.tsx","0","0","não registrada por rota no repositório","não registrado por rota","sem gate automatizado que cite a rota; sem captura visual registrada; teclado não validado nesta matriz; dia/noite não validado nesta matriz; responsividade 320/390/768/1440 não validada nesta matriz; dados demonstrativos/prévia sinalizados no código"
"/cliente/app/assistente","Área autenticada do cliente","não aplicável","cliente com grant ativo (servidor decide)","RealAccessShell + ClientSpaceProvider (layout)","src/app/layout.tsx + src/app/cliente/app/layout.tsx","src/app/cliente/app/assistente/page.tsx","components/RagWidget.tsx","nenhum","0","39","não declarado (sem escopo administrativo)","0","carregamento | erro | vazio | negado","simulada","não","código: src/app/cliente/app/assistente/page.tsx","1 arquivo(s): tests/ai-rag-widget.integration.test.mjs","0","não registrada por rota no repositório","não registrado por rota","sem captura visual registrada; teclado não validado nesta matriz; dia/noite não validado nesta matriz; responsividade 320/390/768/1440 não validada nesta matriz; dados demonstrativos/prévia sinalizados no código"
"/cliente/app/chamados","Área autenticada do cliente","não aplicável","cliente com grant ativo (servidor decide)","RealAccessShell + ClientSpaceProvider (layout)","src/app/layout.tsx + src/app/cliente/app/layout.tsx","src/app/cliente/app/chamados/page.tsx","app/cliente/app/ClientSpaceProvider.tsx","UiState","95","123","não declarado (sem escopo administrativo)","2","UiState | carregamento | erro | vazio | negado | sucesso","demonstração | protótipo","não","código: src/app/cliente/app/chamados/page.tsx","0","0","não registrada por rota no repositório","não registrado por rota","sem gate automatizado que cite a rota; sem captura visual registrada; teclado não validado nesta matriz; dia/noite não validado nesta matriz; responsividade 320/390/768/1440 não validada nesta matriz; dados demonstrativos/prévia sinalizados no código"
"/cliente/app/cobrancas","Área autenticada do cliente","não aplicável","cliente com grant ativo (servidor decide)","RealAccessShell + ClientSpaceProvider (layout)","src/app/layout.tsx + src/app/cliente/app/layout.tsx","src/app/cliente/app/cobrancas/page.tsx","app/cliente/app/ClientAppNavigation.tsx | app/cliente/app/ClientSpaceProvider.tsx","UiState","58","90","não declarado (sem escopo administrativo)","2","UiState | carregamento | erro | vazio | negado | sucesso","demonstração","não","código: src/app/cliente/app/cobrancas/page.tsx","0","0","não registrada por rota no repositório","não registrado por rota","sem gate automatizado que cite a rota; sem captura visual registrada; teclado não validado nesta matriz; dia/noite não validado nesta matriz; responsividade 320/390/768/1440 não validada nesta matriz; dados demonstrativos/prévia sinalizados no código"
"/cliente/app/continuidade","Área autenticada do cliente","não aplicável","cliente com grant ativo (servidor decide)","RealAccessShell + ClientSpaceProvider (layout)","src/app/layout.tsx + src/app/cliente/app/layout.tsx","src/app/cliente/app/continuidade/page.tsx","app/cliente/app/ClientSpaceProvider.tsx","UiState","95","123","não declarado (sem escopo administrativo)","2","UiState | carregamento | erro | vazio | negado | sucesso","demonstração | simulado | simulados","não","código: src/app/cliente/app/continuidade/page.tsx","0","2 registro(s) em docs/ux-11-continuidade-cliente-evidencias/resumo.json","não registrada por rota no repositório","não registrado por rota","sem gate automatizado que cite a rota; teclado não validado nesta matriz; dia/noite não validado nesta matriz; responsividade 320/390/768/1440 não validada nesta matriz; dados demonstrativos/prévia sinalizados no código"
"/cliente/app/contratos","Área autenticada do cliente","não aplicável","cliente com grant ativo (servidor decide)","RealAccessShell + ClientSpaceProvider (layout)","src/app/layout.tsx + src/app/cliente/app/layout.tsx","src/app/cliente/app/contratos/page.tsx","app/cliente/app/ClientSpaceProvider.tsx","UiState","95","123","não declarado (sem escopo administrativo)","2","UiState | carregamento | erro | vazio | negado | sucesso","demonstração","não","código: src/app/cliente/app/contratos/page.tsx","0","0","não registrada por rota no repositório","não registrado por rota","sem gate automatizado que cite a rota; sem captura visual registrada; teclado não validado nesta matriz; dia/noite não validado nesta matriz; responsividade 320/390/768/1440 não validada nesta matriz; dados demonstrativos/prévia sinalizados no código"
"/cliente/app/documentos","Área autenticada do cliente","não aplicável","cliente com grant ativo (servidor decide)","RealAccessShell + ClientSpaceProvider (layout)","src/app/layout.tsx + src/app/cliente/app/layout.tsx","src/app/cliente/app/documentos/page.tsx","app/cliente/app/ClientSpaceProvider.tsx","UiState","95","123","não declarado (sem escopo administrativo)","2","UiState | carregamento | erro | vazio | negado | sucesso","demonstração","não","código: src/app/cliente/app/documentos/page.tsx","0","0","não registrada por rota no repositório","não registrado por rota","sem gate automatizado que cite a rota; sem captura visual registrada; teclado não validado nesta matriz; dia/noite não validado nesta matriz; responsividade 320/390/768/1440 não validada nesta matriz; dados demonstrativos/prévia sinalizados no código"
"/cliente/app/portal","Área autenticada do cliente","não aplicável","cliente com grant ativo (servidor decide)","RealAccessShell + ClientSpaceProvider (layout)","src/app/layout.tsx + src/app/cliente/app/layout.tsx","src/app/cliente/app/portal/page.tsx","nenhum","nenhum","9","2","não declarado (sem escopo administrativo)","0","negado","nenhum","não","código: src/app/cliente/app/portal/page.tsx","0","0","não registrada por rota no repositório","não registrado por rota","sem gate automatizado que cite a rota; sem captura visual registrada; teclado não validado nesta matriz; dia/noite não validado nesta matriz; responsividade 320/390/768/1440 não validada nesta matriz"
"/cliente/app/reclamacoes-colaborador","Área autenticada do cliente","não aplicável","cliente com grant ativo (servidor decide)","RealAccessShell + ClientSpaceProvider (layout)","src/app/layout.tsx + src/app/cliente/app/layout.tsx","src/app/cliente/app/reclamacoes-colaborador/page.tsx","app/cliente/app/ClientSpaceProvider.tsx","UiState","95","123","não declarado (sem escopo administrativo)","2","UiState | carregamento | erro | vazio | negado | sucesso","demonstração","não","código: src/app/cliente/app/reclamacoes-colaborador/page.tsx","0","0","não registrada por rota no repositório","não registrado por rota","sem gate automatizado que cite a rota; sem captura visual registrada; teclado não validado nesta matriz; dia/noite não validado nesta matriz; responsividade 320/390/768/1440 não validada nesta matriz; dados demonstrativos/prévia sinalizados no código"
"/cliente/app/relatorios","Área autenticada do cliente","não aplicável","cliente com grant ativo (servidor decide)","RealAccessShell + ClientSpaceProvider (layout)","src/app/layout.tsx + src/app/cliente/app/layout.tsx","src/app/cliente/app/relatorios/page.tsx","app/cliente/app/ClientSpaceProvider.tsx","UiState","95","123","não declarado (sem escopo administrativo)","2","UiState | carregamento | erro | vazio | negado | sucesso","demonstração","não","código: src/app/cliente/app/relatorios/page.tsx","0","0","não registrada por rota no repositório","não registrado por rota","sem gate automatizado que cite a rota; sem captura visual registrada; teclado não validado nesta matriz; dia/noite não validado nesta matriz; responsividade 320/390/768/1440 não validada nesta matriz; dados demonstrativos/prévia sinalizados no código"
"/cliente/app/renovacao","Área autenticada do cliente","não aplicável","cliente com grant ativo (servidor decide)","RealAccessShell + ClientSpaceProvider (layout)","src/app/layout.tsx + src/app/cliente/app/layout.tsx","src/app/cliente/app/renovacao/page.tsx","app/cliente/app/ClientSpaceProvider.tsx","UiState","95","123","não declarado (sem escopo administrativo)","2","UiState | carregamento | erro | vazio | negado | sucesso","demonstração","não","código: src/app/cliente/app/renovacao/page.tsx","0","0","não registrada por rota no repositório","não registrado por rota","sem gate automatizado que cite a rota; sem captura visual registrada; teclado não validado nesta matriz; dia/noite não validado nesta matriz; responsividade 320/390/768/1440 não validada nesta matriz; dados demonstrativos/prévia sinalizados no código"
"/cliente/app/satisfacao","Área autenticada do cliente","não aplicável","cliente com grant ativo (servidor decide)","RealAccessShell + ClientSpaceProvider (layout)","src/app/layout.tsx + src/app/cliente/app/layout.tsx","src/app/cliente/app/satisfacao/page.tsx","app/cliente/app/ClientSpaceProvider.tsx","UiState","95","123","não declarado (sem escopo administrativo)","2","UiState | carregamento | erro | vazio | negado | sucesso","demonstração","não","código: src/app/cliente/app/satisfacao/page.tsx","0","0","não registrada por rota no repositório","não registrado por rota","sem gate automatizado que cite a rota; sem captura visual registrada; teclado não validado nesta matriz; dia/noite não validado nesta matriz; responsividade 320/390/768/1440 não validada nesta matriz; dados demonstrativos/prévia sinalizados no código"
"/cliente/app/seguranca","Área autenticada do cliente","não aplicável","cliente com grant ativo (servidor decide)","RealAccessShell + ClientSpaceProvider (layout)","src/app/layout.tsx + src/app/cliente/app/layout.tsx","src/app/cliente/app/seguranca/page.tsx","app/cliente/app/ClientSpaceProvider.tsx","UiState","95","123","não declarado (sem escopo administrativo)","2","UiState | carregamento | erro | vazio | negado | sucesso","demonstração","não","código: src/app/cliente/app/seguranca/page.tsx","0","0","não registrada por rota no repositório","não registrado por rota","sem gate automatizado que cite a rota; sem captura visual registrada; teclado não validado nesta matriz; dia/noite não validado nesta matriz; responsividade 320/390/768/1440 não validada nesta matriz; dados demonstrativos/prévia sinalizados no código"
"/cliente/app/solicitacoes","Área autenticada do cliente","não aplicável","cliente com grant ativo (servidor decide)","RealAccessShell + ClientSpaceProvider (layout)","src/app/layout.tsx + src/app/cliente/app/layout.tsx","src/app/cliente/app/solicitacoes/page.tsx","app/cliente/app/ClientSpaceProvider.tsx","UiState","95","123","não declarado (sem escopo administrativo)","2","UiState | carregamento | erro | vazio | negado | sucesso","demonstração","não","código: src/app/cliente/app/solicitacoes/page.tsx","0","0","não registrada por rota no repositório","não registrado por rota","sem gate automatizado que cite a rota; sem captura visual registrada; teclado não validado nesta matriz; dia/noite não validado nesta matriz; responsividade 320/390/768/1440 não validada nesta matriz; dados demonstrativos/prévia sinalizados no código"
"/cliente/chamados","Portal do cliente (entrada, prévia e recuperação)","não aplicável","público ou sem papel declarado no arquivo","nenhum no arquivo de rota","src/app/layout.tsx","src/app/cliente/chamados/page.tsx","components/BrandLogo.tsx | components/ClientPortalNavigation.tsx","nenhum","0","82","não declarado (sem escopo administrativo)","1","vazio","demonstrativa | demonstrativo | demonstração | exemplo | fictícia | fictício | fictícios | simuladas","sim","código: src/app/cliente/chamados/page.tsx","0","0","não registrada por rota no repositório","não registrado por rota","sem gate automatizado que cite a rota; sem captura visual registrada; teclado não validado nesta matriz; dia/noite não validado nesta matriz; responsividade 320/390/768/1440 não validada nesta matriz; dados demonstrativos/prévia sinalizados no código"
"/cliente/confirmar-email","Portal do cliente (entrada, prévia e recuperação)","não aplicável","público ou sem papel declarado no arquivo","nenhum no arquivo de rota","src/app/layout.tsx","src/app/cliente/confirmar-email/page.tsx","app/cliente/RealAccessShell.tsx | components/BrandLogo.tsx","nenhum","37","33","não declarado (sem escopo administrativo)","0","carregamento | erro | vazio","nenhum","sim","código: src/app/cliente/confirmar-email/page.tsx","1 arquivo(s): tests/client-access.integration.test.mjs","0","não registrada por rota no repositório","não registrado por rota","sem captura visual registrada; teclado não validado nesta matriz; dia/noite não validado nesta matriz; responsividade 320/390/768/1440 não validada nesta matriz; sem @media nos CSS da rota"
"/cliente/conta","Portal do cliente (entrada, prévia e recuperação)","não aplicável","público ou sem papel declarado no arquivo","nenhum no arquivo de rota","src/app/layout.tsx","src/app/cliente/conta/page.tsx","components/BrandLogo.tsx | components/ClientPortalNavigation.tsx","nenhum","0","57","não declarado (sem escopo administrativo)","2","vazio","demonstrativas | demonstrativo | demonstração | fictícias | fictício | protótipo","sim","código: src/app/cliente/conta/page.tsx","0","0","não registrada por rota no repositório","não registrado por rota","sem gate automatizado que cite a rota; sem captura visual registrada; teclado não validado nesta matriz; dia/noite não validado nesta matriz; responsividade 320/390/768/1440 não validada nesta matriz; dados demonstrativos/prévia sinalizados no código"
"/cliente/contratos","Portal do cliente (entrada, prévia e recuperação)","não aplicável","público ou sem papel declarado no arquivo","nenhum no arquivo de rota","src/app/layout.tsx","src/app/cliente/contratos/page.tsx","components/BrandLogo.tsx | components/ClientPortalNavigation.tsx","nenhum","0","56","não declarado (sem escopo administrativo)","2","vazio","demonstração","sim","código: src/app/cliente/contratos/page.tsx","0","0","não registrada por rota no repositório","não registrado por rota","sem gate automatizado que cite a rota; sem captura visual registrada; teclado não validado nesta matriz; dia/noite não validado nesta matriz; responsividade 320/390/768/1440 não validada nesta matriz; dados demonstrativos/prévia sinalizados no código"
"/cliente/convite","Portal do cliente (entrada, prévia e recuperação)","não aplicável","público ou sem papel declarado no arquivo","nenhum no arquivo de rota","src/app/layout.tsx","src/app/cliente/convite/page.tsx","app/cliente/RealAccessShell.tsx | components/BrandLogo.tsx","nenhum","37","33","não declarado (sem escopo administrativo)","0","carregamento | erro","nenhum","sim","código: src/app/cliente/convite/page.tsx","1 arquivo(s): tests/client-access.integration.test.mjs","0","não registrada por rota no repositório","não registrado por rota","sem captura visual registrada; teclado não validado nesta matriz; dia/noite não validado nesta matriz; responsividade 320/390/768/1440 não validada nesta matriz; sem @media nos CSS da rota"
"/cliente/documentos","Portal do cliente (entrada, prévia e recuperação)","não aplicável","público ou sem papel declarado no arquivo","nenhum no arquivo de rota","src/app/layout.tsx","src/app/cliente/documentos/page.tsx","components/BrandLogo.tsx | components/ClientPortalNavigation.tsx","nenhum","0","60","não declarado (sem escopo administrativo)","2","vazio","demonstrativo | protótipo","sim","código: src/app/cliente/documentos/page.tsx","0","0","não registrada por rota no repositório","não registrado por rota","sem gate automatizado que cite a rota; sem captura visual registrada; teclado não validado nesta matriz; dia/noite não validado nesta matriz; responsividade 320/390/768/1440 não validada nesta matriz; dados demonstrativos/prévia sinalizados no código"
"/cliente/entrar","Portal do cliente (entrada, prévia e recuperação)","não aplicável","público ou sem papel declarado no arquivo","nenhum no arquivo de rota","src/app/layout.tsx","src/app/cliente/entrar/page.tsx","app/cliente/RealAccessShell.tsx | components/BrandLogo.tsx","nenhum","37","33","não declarado (sem escopo administrativo)","0","erro | sucesso","nenhum","sim","código: src/app/cliente/entrar/page.tsx","0","0","não registrada por rota no repositório","não registrado por rota","sem gate automatizado que cite a rota; sem captura visual registrada; teclado não validado nesta matriz; dia/noite não validado nesta matriz; responsividade 320/390/768/1440 não validada nesta matriz; sem @media nos CSS da rota"
"/cliente/painel","Portal do cliente (entrada, prévia e recuperação)","não aplicável","público ou sem papel declarado no arquivo","nenhum no arquivo de rota","src/app/layout.tsx","src/app/cliente/painel/page.tsx","components/BrandLogo.tsx | components/ClientPortalNavigation.tsx","nenhum","0","64","não declarado (sem escopo administrativo)","3","vazio","demonstrativas | demonstração | protótipo","sim","código: src/app/cliente/painel/page.tsx","1 arquivo(s): tests/seo-technical.test.mjs","0","não registrada por rota no repositório","não registrado por rota","sem captura visual registrada; teclado não validado nesta matriz; dia/noite não validado nesta matriz; responsividade 320/390/768/1440 não validada nesta matriz; dados demonstrativos/prévia sinalizados no código"
"/cliente/recuperar-senha","Portal do cliente (entrada, prévia e recuperação)","não aplicável","público ou sem papel declarado no arquivo","nenhum no arquivo de rota","src/app/layout.tsx","src/app/cliente/recuperar-senha/page.tsx","components/ClientPortalNavigation.tsx","nenhum","0","50","não declarado (sem escopo administrativo)","2","vazio","demonstrativo | demonstração | exemplo | fictício | protótipo","sim","código: src/app/cliente/recuperar-senha/page.tsx","0","0","não registrada por rota no repositório","não registrado por rota","sem gate automatizado que cite a rota; sem captura visual registrada; teclado não validado nesta matriz; dia/noite não validado nesta matriz; responsividade 320/390/768/1440 não validada nesta matriz; dados demonstrativos/prévia sinalizados no código"
"/cliente/redefinir-senha","Portal do cliente (entrada, prévia e recuperação)","não aplicável","público ou sem papel declarado no arquivo","nenhum no arquivo de rota","src/app/layout.tsx","src/app/cliente/redefinir-senha/page.tsx","app/cliente/RealAccessShell.tsx | components/BrandLogo.tsx","nenhum","37","33","não declarado (sem escopo administrativo)","0","carregamento | erro | vazio","nenhum","sim","código: src/app/cliente/redefinir-senha/page.tsx","1 arquivo(s): tests/client-access.integration.test.mjs","0","não registrada por rota no repositório","não registrado por rota","sem captura visual registrada; teclado não validado nesta matriz; dia/noite não validado nesta matriz; responsividade 320/390/768/1440 não validada nesta matriz; sem @media nos CSS da rota"
"/cliente/seguranca","Portal do cliente (entrada, prévia e recuperação)","não aplicável","público ou sem papel declarado no arquivo","nenhum no arquivo de rota","src/app/layout.tsx","src/app/cliente/seguranca/page.tsx","components/ClientPortalNavigation.tsx","nenhum","0","51","não declarado (sem escopo administrativo)","2","vazio","demonstrativa | demonstrativo | demonstração","sim","código: src/app/cliente/seguranca/page.tsx","0","0","não registrada por rota no repositório","não registrado por rota","sem gate automatizado que cite a rota; sem captura visual registrada; teclado não validado nesta matriz; dia/noite não validado nesta matriz; responsividade 320/390/768/1440 não validada nesta matriz; dados demonstrativos/prévia sinalizados no código"
"/contato","Site público e entradas","não aplicável","público ou sem papel declarado no arquivo","nenhum no arquivo de rota","src/app/layout.tsx","src/app/contato/page.tsx","components/RagWidget.tsx","nenhum","0","46","não declarado (sem escopo administrativo)","0","carregamento | erro | vazio | negado | sucesso","simulada | simulador","não","código: src/app/contato/page.tsx","2 arquivo(s): tests/ai-rag-widget.integration.test.mjs | tests/l04-delivery.integration.test.mjs","0","não registrada por rota no repositório","não registrado por rota","sem captura visual registrada; teclado não validado nesta matriz; dia/noite não validado nesta matriz; responsividade 320/390/768/1440 não validada nesta matriz; dados demonstrativos/prévia sinalizados no código"
"/conteudos","Site público e entradas","não aplicável","público ou sem papel declarado no arquivo","nenhum no arquivo de rota","src/app/layout.tsx","src/app/conteudos/page.tsx","components/PublishedContent.tsx","nenhum","1","0","não declarado (sem escopo administrativo)","0","carregamento | erro","nenhum","não","código: src/app/conteudos/page.tsx","1 arquivo(s): tests/l04-delivery.integration.test.mjs","0","não registrada por rota no repositório","não registrado por rota","sem captura visual registrada; teclado não validado nesta matriz; dia/noite não validado nesta matriz; responsividade 320/390/768/1440 não validada nesta matriz"
"/conteudos/[slug]","Site público e entradas","não aplicável","público ou sem papel declarado no arquivo","nenhum no arquivo de rota","src/app/layout.tsx","src/app/conteudos/[slug]/page.tsx","components/PublishedContent.tsx","nenhum","1","0","não declarado (sem escopo administrativo)","0","carregamento | erro","nenhum","não","código: src/app/conteudos/[slug]/page.tsx","0","0","não registrada por rota no repositório","não registrado por rota","sem gate automatizado que cite a rota; sem captura visual registrada; teclado não validado nesta matriz; dia/noite não validado nesta matriz; responsividade 320/390/768/1440 não validada nesta matriz"
"/faq","Site público e entradas","não aplicável","público ou sem papel declarado no arquivo","nenhum no arquivo de rota","src/app/layout.tsx","src/app/faq/page.tsx","components/FaqAssistedWidget.tsx","nenhum","0","7","não declarado (sem escopo administrativo)","0","erro | vazio | sucesso","demonstração | fictícios | simulador","não","código: src/app/faq/page.tsx","2 arquivo(s): tests/l04-delivery.integration.test.mjs | tests/seo-technical.test.mjs","0","não registrada por rota no repositório","não registrado por rota","sem captura visual registrada; teclado não validado nesta matriz; dia/noite não validado nesta matriz; responsividade 320/390/768/1440 não validada nesta matriz; dados demonstrativos/prévia sinalizados no código"
"/funcionario","Portal do funcionário","não aplicável","funcionário próprio (servidor decide)","EmployeePortal (sessão no componente)","src/app/layout.tsx","src/app/funcionario/page.tsx","components/BrandLogo.tsx | components/ui/UiState.tsx","UiState | UiStateVariant","13","64","não declarado (sem escopo administrativo)","2","UiState | carregamento | erro | vazio | negado | sucesso","demonstração","não","código: src/app/funcionario/page.tsx","6 arquivo(s): scripts/ux00-inventory.mjs | tests/admin-entry.test.mjs | tests/l03-delivery.integration.test.mjs | tests/l04-delivery.integration.test.mjs | tests/seo-technical.test.mjs | tests/ux-portal-workspace.integration.test.mjs","0","não registrada por rota no repositório","não registrado por rota","sem captura visual registrada; teclado não validado nesta matriz; dia/noite não validado nesta matriz; responsividade 320/390/768/1440 não validada nesta matriz; dados demonstrativos/prévia sinalizados no código"
"/layout-01","Prévias de layout do site (não publicadas)","não aplicável","público ou sem papel declarado no arquivo","nenhum no arquivo de rota","src/app/layout.tsx","src/app/layout-01/page.tsx","components/Layout01.tsx","nenhum","0","2","não declarado (sem escopo administrativo)","1","carregamento","nenhum","não","código: src/app/layout-01/page.tsx","0","0","não registrada por rota no repositório","não registrado por rota","sem gate automatizado que cite a rota; sem captura visual registrada; teclado não validado nesta matriz; dia/noite não validado nesta matriz; responsividade 320/390/768/1440 não validada nesta matriz"
"/layout-02","Prévias de layout do site (não publicadas)","não aplicável","público ou sem papel declarado no arquivo","nenhum no arquivo de rota","src/app/layout.tsx","src/app/layout-02/page.tsx","components/BrandLogo.tsx | components/Layout02.tsx","nenhum","26","102","não declarado (sem escopo administrativo)","3","nenhum declarado","nenhum","sim","código: src/app/layout-02/page.tsx","0","0","não registrada por rota no repositório","não registrado por rota","sem gate automatizado que cite a rota; sem captura visual registrada; teclado não validado nesta matriz; dia/noite não validado nesta matriz; responsividade 320/390/768/1440 não validada nesta matriz; estados não declarados no código da rota"
"/layout-03","Prévias de layout do site (não publicadas)","não aplicável","público ou sem papel declarado no arquivo","nenhum no arquivo de rota","src/app/layout.tsx","src/app/layout-03/page.tsx","components/BrandLogo.tsx | components/Layout03.tsx","nenhum","25","109","não declarado (sem escopo administrativo)","3","sucesso","nenhum","sim","código: src/app/layout-03/page.tsx","0","0","não registrada por rota no repositório","não registrado por rota","sem gate automatizado que cite a rota; sem captura visual registrada; teclado não validado nesta matriz; dia/noite não validado nesta matriz; responsividade 320/390/768/1440 não validada nesta matriz"
"/layout-04","Prévias de layout do site (não publicadas)","não aplicável","público ou sem papel declarado no arquivo","nenhum no arquivo de rota","src/app/layout.tsx","src/app/layout-04/page.tsx","components/BrandLogo.tsx | components/Layout04.tsx","nenhum","44","82","não declarado (sem escopo administrativo)","3","vazio","nenhum","sim","código: src/app/layout-04/page.tsx","0","0","não registrada por rota no repositório","não registrado por rota","sem gate automatizado que cite a rota; sem captura visual registrada; teclado não validado nesta matriz; dia/noite não validado nesta matriz; responsividade 320/390/768/1440 não validada nesta matriz"
"/layout-05","Prévias de layout do site (não publicadas)","não aplicável","público ou sem papel declarado no arquivo","nenhum no arquivo de rota","src/app/layout.tsx","src/app/layout-05/page.tsx","components/BrandLogo.tsx | components/Layout05.tsx","nenhum","18","94","não declarado (sem escopo administrativo)","3","sucesso","nenhum","sim","código: src/app/layout-05/page.tsx","0","0","não registrada por rota no repositório","não registrado por rota","sem gate automatizado que cite a rota; sem captura visual registrada; teclado não validado nesta matriz; dia/noite não validado nesta matriz; responsividade 320/390/768/1440 não validada nesta matriz"
"/layout-06","Prévias de layout do site (não publicadas)","não aplicável","público ou sem papel declarado no arquivo","nenhum no arquivo de rota","src/app/layout.tsx","src/app/layout-06/page.tsx","components/BrandLogo.tsx | components/Layout06.tsx","nenhum","44","78","não declarado (sem escopo administrativo)","3","nenhum declarado","nenhum","sim","código: src/app/layout-06/page.tsx","0","0","não registrada por rota no repositório","não registrado por rota","sem gate automatizado que cite a rota; sem captura visual registrada; teclado não validado nesta matriz; dia/noite não validado nesta matriz; responsividade 320/390/768/1440 não validada nesta matriz; estados não declarados no código da rota"
"/layout-07","Prévias de layout do site (não publicadas)","não aplicável","público ou sem papel declarado no arquivo","nenhum no arquivo de rota","src/app/layout.tsx","src/app/layout-07/page.tsx","components/BrandLogo.tsx | components/Layout07.tsx","nenhum","28","97","não declarado (sem escopo administrativo)","3","vazio | sucesso","nenhum","sim","código: src/app/layout-07/page.tsx","0","0","não registrada por rota no repositório","não registrado por rota","sem gate automatizado que cite a rota; sem captura visual registrada; teclado não validado nesta matriz; dia/noite não validado nesta matriz; responsividade 320/390/768/1440 não validada nesta matriz"
"/layout-08","Prévias de layout do site (não publicadas)","não aplicável","público ou sem papel declarado no arquivo","nenhum no arquivo de rota","src/app/layout.tsx","src/app/layout-08/page.tsx","components/BrandLogo.tsx | components/Layout08.tsx","nenhum","20","94","não declarado (sem escopo administrativo)","3","vazio","nenhum","sim","código: src/app/layout-08/page.tsx","0","0","não registrada por rota no repositório","não registrado por rota","sem gate automatizado que cite a rota; sem captura visual registrada; teclado não validado nesta matriz; dia/noite não validado nesta matriz; responsividade 320/390/768/1440 não validada nesta matriz"
"/layout-09","Prévias de layout do site (não publicadas)","não aplicável","público ou sem papel declarado no arquivo","nenhum no arquivo de rota","src/app/layout.tsx","src/app/layout-09/page.tsx","components/BrandLogo.tsx | components/Layout09.tsx","nenhum","27","104","não declarado (sem escopo administrativo)","3","vazio","nenhum","sim","código: src/app/layout-09/page.tsx","0","0","não registrada por rota no repositório","não registrado por rota","sem gate automatizado que cite a rota; sem captura visual registrada; teclado não validado nesta matriz; dia/noite não validado nesta matriz; responsividade 320/390/768/1440 não validada nesta matriz"
"/layout-10","Prévias de layout do site (não publicadas)","não aplicável","público ou sem papel declarado no arquivo","nenhum no arquivo de rota","src/app/layout.tsx","src/app/layout-10/page.tsx","components/BrandLogo.tsx | components/Layout10.tsx","nenhum","25","88","não declarado (sem escopo administrativo)","3","vazio","nenhum","sim","código: src/app/layout-10/page.tsx","0","0","não registrada por rota no repositório","não registrado por rota","sem gate automatizado que cite a rota; sem captura visual registrada; teclado não validado nesta matriz; dia/noite não validado nesta matriz; responsividade 320/390/768/1440 não validada nesta matriz"
"/layout-preview","Prévias de layout do site (não publicadas)","não aplicável","público ou sem papel declarado no arquivo","nenhum no arquivo de rota","src/app/layout.tsx","src/app/layout-preview/page.tsx","components/Layout01.tsx | components/Layout02.tsx | components/Layout03.tsx | components/Layout04.tsx | components/Layout05.tsx | components/Layout07.tsx | components/Layout08.tsx | components/Layout09.tsx | components/Layout10.tsx | components/PublicSite.tsx | components/SiteVisualRenderer.tsx","nenhum","0","3","não declarado (sem escopo administrativo)","1","carregamento | vazio | sucesso","demonstração | simulador","sim","código: src/app/layout-preview/page.tsx","0","0","não registrada por rota no repositório","não registrado por rota","sem gate automatizado que cite a rota; sem captura visual registrada; teclado não validado nesta matriz; dia/noite não validado nesta matriz; responsividade 320/390/768/1440 não validada nesta matriz; dados demonstrativos/prévia sinalizados no código"
"/orcamento","Site público e entradas","não aplicável","público ou sem papel declarado no arquivo","nenhum no arquivo de rota","src/app/layout.tsx","src/app/orcamento/page.tsx","nenhum","nenhum","0","12","não declarado (sem escopo administrativo)","0","carregamento | erro | vazio | sucesso","simulador","não","código: src/app/orcamento/page.tsx","0","0","não registrada por rota no repositório","não registrado por rota","sem gate automatizado que cite a rota; sem captura visual registrada; teclado não validado nesta matriz; dia/noite não validado nesta matriz; responsividade 320/390/768/1440 não validada nesta matriz; dados demonstrativos/prévia sinalizados no código"
"/pacotes","Site público e entradas","não aplicável","público ou sem papel declarado no arquivo","nenhum no arquivo de rota","src/app/layout.tsx","src/app/pacotes/page.tsx","components/PublishedContent.tsx","nenhum","1","0","não declarado (sem escopo administrativo)","0","carregamento | erro","nenhum","não","código: src/app/pacotes/page.tsx","1 arquivo(s): tests/l04-delivery.integration.test.mjs","0","não registrada por rota no repositório","não registrado por rota","sem captura visual registrada; teclado não validado nesta matriz; dia/noite não validado nesta matriz; responsividade 320/390/768/1440 não validada nesta matriz"
"/privacidade","Site público e entradas","não aplicável","público ou sem papel declarado no arquivo","nenhum no arquivo de rota","src/app/layout.tsx","src/app/privacidade/page.tsx","nenhum","nenhum","0","2","não declarado (sem escopo administrativo)","0","nenhum declarado","nenhum","não","código: src/app/privacidade/page.tsx","0","0","não registrada por rota no repositório","não registrado por rota","sem gate automatizado que cite a rota; sem captura visual registrada; teclado não validado nesta matriz; dia/noite não validado nesta matriz; responsividade 320/390/768/1440 não validada nesta matriz; estados não declarados no código da rota"
"/proposta/aceite/[token]","Site público e entradas","não aplicável","público ou sem papel declarado no arquivo","nenhum no arquivo de rota","src/app/layout.tsx","src/app/proposta/aceite/[token]/page.tsx","nenhum","nenhum","0","12","não declarado (sem escopo administrativo)","0","carregamento | erro | sucesso","nenhum","não","código: src/app/proposta/aceite/[token]/page.tsx","0","0","não registrada por rota no repositório","não registrado por rota","sem gate automatizado que cite a rota; sem captura visual registrada; teclado não validado nesta matriz; dia/noite não validado nesta matriz; responsividade 320/390/768/1440 não validada nesta matriz"
"/qa/modulos","QA e homologação (condicional ao ambiente)","não aplicável","público ou sem papel declarado no arquivo","nenhum no arquivo de rota","src/app/layout.tsx","src/app/qa/modulos/page.tsx","nenhum","nenhum","0","3","não declarado (sem escopo administrativo)","0","erro | negado","fictícias | fictícios | protótipo","não","código: src/app/qa/modulos/page.tsx","0","0","não registrada por rota no repositório","não registrado por rota","sem gate automatizado que cite a rota; sem captura visual registrada; teclado não validado nesta matriz; dia/noite não validado nesta matriz; responsividade 320/390/768/1440 não validada nesta matriz; dados demonstrativos/prévia sinalizados no código"
"/segmentos","Site público e entradas","não aplicável","público ou sem papel declarado no arquivo","nenhum no arquivo de rota","src/app/layout.tsx","src/app/segmentos/page.tsx","nenhum","nenhum","0","0","não declarado (sem escopo administrativo)","0","nenhum declarado","exemplo","não","código: src/app/segmentos/page.tsx","0","0","não registrada por rota no repositório","não registrado por rota","sem gate automatizado que cite a rota; sem captura visual registrada; teclado não validado nesta matriz; dia/noite não validado nesta matriz; responsividade 320/390/768/1440 não validada nesta matriz; estados não declarados no código da rota; dados demonstrativos/prévia sinalizados no código"
"/segmentos/[key]","Site público e entradas","não aplicável","público ou sem papel declarado no arquivo","nenhum no arquivo de rota","src/app/layout.tsx","src/app/segmentos/[key]/page.tsx","nenhum","nenhum","0","0","não declarado (sem escopo administrativo)","0","nenhum declarado","exemplo","não","código: src/app/segmentos/[key]/page.tsx","0","0","não registrada por rota no repositório","não registrado por rota","sem gate automatizado que cite a rota; sem captura visual registrada; teclado não validado nesta matriz; dia/noite não validado nesta matriz; responsividade 320/390/768/1440 não validada nesta matriz; estados não declarados no código da rota; dados demonstrativos/prévia sinalizados no código"
"/servicos","Site público e entradas","não aplicável","público ou sem papel declarado no arquivo","nenhum no arquivo de rota","src/app/layout.tsx","src/app/servicos/page.tsx","nenhum","nenhum","0","1","não declarado (sem escopo administrativo)","0","nenhum declarado","simulador","não","código: src/app/servicos/page.tsx","2 arquivo(s): tests/l04-delivery.integration.test.mjs | tests/seo-technical.test.mjs","0","não registrada por rota no repositório","não registrado por rota","sem captura visual registrada; teclado não validado nesta matriz; dia/noite não validado nesta matriz; responsividade 320/390/768/1440 não validada nesta matriz; estados não declarados no código da rota; dados demonstrativos/prévia sinalizados no código"
"/servicos/[id]","Site público e entradas","não aplicável","público ou sem papel declarado no arquivo","nenhum no arquivo de rota","src/app/layout.tsx","src/app/servicos/[id]/page.tsx","nenhum","nenhum","0","0","não declarado (sem escopo administrativo)","0","nenhum declarado","simulador","não","código: src/app/servicos/[id]/page.tsx","0","0","não registrada por rota no repositório","não registrado por rota","sem gate automatizado que cite a rota; sem captura visual registrada; teclado não validado nesta matriz; dia/noite não validado nesta matriz; responsividade 320/390/768/1440 não validada nesta matriz; estados não declarados no código da rota; dados demonstrativos/prévia sinalizados no código"
"/simulador","Site público e entradas","não aplicável","público ou sem papel declarado no arquivo","nenhum no arquivo de rota","src/app/layout.tsx","src/app/simulador/page.tsx","nenhum","nenhum","58","55","não declarado (sem escopo administrativo)","2","erro | vazio | sucesso","simulador","não","código: src/app/simulador/page.tsx","0","0","não registrada por rota no repositório","não registrado por rota","sem gate automatizado que cite a rota; sem captura visual registrada; teclado não validado nesta matriz; dia/noite não validado nesta matriz; responsividade 320/390/768/1440 não validada nesta matriz; dados demonstrativos/prévia sinalizados no código"
