rota,papeis_declarados,etapa_ux,tarefa_do_usuario,estados_honestos,evidencia,pendencia,arquivo,arquivo_alterado_nesta_entrega
/,ver AdminGate no arquivo,nao retrabalhada nesta entrega,inalterada desde 0be3d465,comportamento original preservado,gate de CI correspondente ao modulo,UX-06..UX-09 (ver prompt de continuacao),src/app/page.tsx,nao
/admin,ver AdminGate no arquivo,UX-01,Entrada do administrador e navegacao por papel,navegacao filtrada por papel,gate admin-entry-postgres-browser,—,src/app/admin/page.tsx,nao
/admin/analytics,admin|ti|marcelo,nao retrabalhada nesta entrega,inalterada desde 0be3d465,comportamento original preservado,gate de CI correspondente ao modulo,UX-06..UX-09 (ver prompt de continuacao),src/app/admin/analytics/page.tsx,nao
/admin/carteira,comercial|marcelo|admin|ti,UX-03B,Carteira e proximos contatos; dado persistido x referencia,carregando / vazio / falha,docs/ux-03b-evidencias/desktop-carteira.png,Blocos de referencia seguem rotulados como prototipo,src/app/admin/carteira/page.tsx,sim
/admin/clientes,marcelo|ti,nao retrabalhada nesta entrega,inalterada desde 0be3d465,comportamento original preservado,gate de CI correspondente ao modulo,UX-06..UX-09 (ver prompt de continuacao),src/app/admin/clientes/page.tsx,nao
/admin/comercial,comercial|marcelo|admin|ti,UX-03B,"Vistoria, orcamento, preco, proposta e contrato como tarefas",carregando / vazio / falha,docs/ux-03b-evidencias/desktop-comercial.png,Aceite humano pendente,src/app/admin/comercial/page.tsx,sim
/admin/compliance,marcelo|admin|ti,nao retrabalhada nesta entrega,inalterada desde 0be3d465,comportamento original preservado,gate de CI correspondente ao modulo,UX-06..UX-09 (ver prompt de continuacao),src/app/admin/compliance/page.tsx,nao
/admin/conhecimento,marcelo|admin|ti,nao retrabalhada nesta entrega,inalterada desde 0be3d465,comportamento original preservado,gate de CI correspondente ao modulo,UX-06..UX-09 (ver prompt de continuacao),src/app/admin/conhecimento/page.tsx,nao
/admin/continuidade,admin|ti|marcelo|operacao|supervisor,nao retrabalhada nesta entrega,inalterada desde 0be3d465,comportamento original preservado,gate de CI correspondente ao modulo,UX-06..UX-09 (ver prompt de continuacao),src/app/admin/continuidade/page.tsx,nao
/admin/contratos,marcelo|admin|comercial,nao retrabalhada nesta entrega,inalterada desde 0be3d465,comportamento original preservado,gate de CI correspondente ao modulo,UX-06..UX-09 (ver prompt de continuacao),src/app/admin/contratos/page.tsx,nao
/admin/contratos/[id],marcelo|admin|comercial,nao retrabalhada nesta entrega,inalterada desde 0be3d465,comportamento original preservado,gate de CI correspondente ao modulo,UX-06..UX-09 (ver prompt de continuacao),src/app/admin/contratos/[id]/page.tsx,nao
/admin/convite,ver AdminGate no arquivo,nao retrabalhada nesta entrega,inalterada desde 0be3d465,comportamento original preservado,gate de CI correspondente ao modulo,UX-06..UX-09 (ver prompt de continuacao),src/app/admin/convite/page.tsx,nao
/admin/crm,comercial|marcelo|admin|ti,UX-03A + UX-03B,Lista -> detalhe -> acao da oportunidade; importacao guiada,carregando / vazio / falha / negado distintos,docs/ux-03b-evidencias/desktop-crm.png,Aceite humano pendente,src/app/admin/crm/page.tsx,sim
/admin/emergencial,ti|admin,nao retrabalhada nesta entrega,inalterada desde 0be3d465,comportamento original preservado,gate de CI correspondente ao modulo,UX-06..UX-09 (ver prompt de continuacao),src/app/admin/emergencial/page.tsx,nao
/admin/entrar,ver AdminGate no arquivo,UX-01,Autenticacao de equipe,erro de credencial explicado,gate admin-entry-postgres-browser,—,src/app/admin/entrar/page.tsx,nao
/admin/expansao,comercial|financeiro|marcelo|admin|ti,nao retrabalhada nesta entrega,inalterada desde 0be3d465,comportamento original preservado,gate de CI correspondente ao modulo,UX-06..UX-09 (ver prompt de continuacao),src/app/admin/expansao/page.tsx,nao
/admin/financeiro,financeiro|marcelo|admin|ti,UX-07B,"Financeiro L07: recebiveis, recorrencia, pagamentos, conciliacao bancaria e orcamento/cenarios","carregando, vazio, falha, negado e sucesso distintos; falha de leitura nunca vira saldo zero nem ausencia de cobranca; abas com tabpanel e teclado",gate ux-fin-postgres-browser (7/7 local) + tests/ux-fin-vocabulary.test.mjs (17/17) + l07-delivery (43/43),"13 abas restantes da familia seguem com estados proprios; escrita financeira coberta pelo gate L07, nao por este; aceite humano pendente",src/app/admin/financeiro/page.tsx,sim
/admin/fornecedores,marcelo|admin|ti,nao retrabalhada nesta entrega,inalterada desde 0be3d465,comportamento original preservado,gate de CI correspondente ao modulo,UX-06..UX-09 (ver prompt de continuacao),src/app/admin/fornecedores/page.tsx,nao
/admin/frota,marcelo|admin|ti,nao retrabalhada nesta entrega,inalterada desde 0be3d465,comportamento original preservado,gate de CI correspondente ao modulo,UX-06..UX-09 (ver prompt de continuacao),src/app/admin/frota/page.tsx,nao
/admin/funcionarios,rh|marcelo|admin|ti,UX-04,"Pessoas e jornada do funcionario, por concessao efetiva",carregando / vazio / falha / negado (403 explicado),docs/ux-04-evidencias/desktop-rh.png,"Escala, Documentos e Fechamento nao exercitados ponta a ponta; 7 componentes legados",src/app/admin/funcionarios/page.tsx,sim
/admin/inteligencia,ti|admin,nao retrabalhada nesta entrega,inalterada desde 0be3d465,comportamento original preservado,gate de CI correspondente ao modulo,UX-06..UX-09 (ver prompt de continuacao),src/app/admin/inteligencia/page.tsx,nao
/admin/leads,comercial|marcelo|admin|ti,nao retrabalhada nesta entrega,inalterada desde 0be3d465,comportamento original preservado,gate de CI correspondente ao modulo,UX-06..UX-09 (ver prompt de continuacao),src/app/admin/leads/page.tsx,nao
/admin/licitacoes,marcelo|admin|ti,nao retrabalhada nesta entrega,inalterada desde 0be3d465,comportamento original preservado,gate de CI correspondente ao modulo,UX-06..UX-09 (ver prompt de continuacao),src/app/admin/licitacoes/page.tsx,nao
/admin/marcelo,marcelo|admin|ti,UX-05,"Prioridades, pendencias e indicadores com fonte real; decisao com alcada",carregando / vazio / indisponivel / falha,docs/ux-05-evidencias/desktop-marcelo.png,Abas secundarias nao percorridas ponta a ponta; aceite humano pendente,src/app/admin/marcelo/page.tsx,sim
/admin/marcelo/assistente,marcelo|admin,nao retrabalhada nesta entrega,inalterada desde 0be3d465,comportamento original preservado,gate de CI correspondente ao modulo,UX-06..UX-09 (ver prompt de continuacao),src/app/admin/marcelo/assistente/page.tsx,nao
/admin/operacao,supervisor|marcelo|admin|ti,UX-07A,Operacao L06: postos, jornada, dimensionamento, escalas, cobertura, passagem, ocorrencias e checklists,"carregando, vazio, falha, negado e sucesso distintos; abas com tabpanel e teclado",gate ux-ops-postgres-browser (7/7 local) + tests/ux-ops-vocabulary.test.mjs (18/18),"escrita de operacao nao exercitada pela tela no gate; abas OPS-09..OPS-16 seguem com estados dos clientes embutidos",src/app/admin/operacao/page.tsx,sim
/admin/patrimonio,supervisor|marcelo|admin|ti,nao retrabalhada nesta entrega,inalterada desde 0be3d465,comportamento original preservado,gate de CI correspondente ao modulo,UX-06..UX-09 (ver prompt de continuacao),src/app/admin/patrimonio/page.tsx,nao
/admin/pendencias,admin|ti|marcelo|operacao|supervisor|rh|financeiro|comercial,nao retrabalhada nesta entrega,inalterada desde 0be3d465,comportamento original preservado,gate de CI correspondente ao modulo,UX-06..UX-09 (ver prompt de continuacao),src/app/admin/pendencias/page.tsx,nao
/admin/portal,ti|admin,nao retrabalhada nesta entrega,inalterada desde 0be3d465,comportamento original preservado,gate de CI correspondente ao modulo,UX-06..UX-09 (ver prompt de continuacao),src/app/admin/portal/page.tsx,nao
/admin/portal/alertas,ti|admin,nao retrabalhada nesta entrega,inalterada desde 0be3d465,comportamento original preservado,gate de CI correspondente ao modulo,UX-06..UX-09 (ver prompt de continuacao),src/app/admin/portal/alertas/page.tsx,nao
/admin/portal/autocadastro,ti|admin,nao retrabalhada nesta entrega,inalterada desde 0be3d465,comportamento original preservado,gate de CI correspondente ao modulo,UX-06..UX-09 (ver prompt de continuacao),src/app/admin/portal/autocadastro/page.tsx,nao
/admin/portal/convites,ti|admin,nao retrabalhada nesta entrega,inalterada desde 0be3d465,comportamento original preservado,gate de CI correspondente ao modulo,UX-06..UX-09 (ver prompt de continuacao),src/app/admin/portal/convites/page.tsx,nao
/admin/portal/permissoes,ti|admin,nao retrabalhada nesta entrega,inalterada desde 0be3d465,comportamento original preservado,gate de CI correspondente ao modulo,UX-06..UX-09 (ver prompt de continuacao),src/app/admin/portal/permissoes/page.tsx,nao
/admin/portal/solicitacoes,ti|admin,nao retrabalhada nesta entrega,inalterada desde 0be3d465,comportamento original preservado,gate de CI correspondente ao modulo,UX-06..UX-09 (ver prompt de continuacao),src/app/admin/portal/solicitacoes/page.tsx,nao
/admin/publicacao,marcelo|ti|comercial|admin,nao retrabalhada nesta entrega,inalterada desde 0be3d465,comportamento original preservado,gate de CI correspondente ao modulo,UX-06..UX-09 (ver prompt de continuacao),src/app/admin/publicacao/page.tsx,nao
/admin/qualidade,marcelo|admin|ti,nao retrabalhada nesta entrega,inalterada desde 0be3d465,comportamento original preservado,gate de CI correspondente ao modulo,UX-06..UX-09 (ver prompt de continuacao),src/app/admin/qualidade/page.tsx,nao
/admin/relatorios,ti|admin,nao retrabalhada nesta entrega,inalterada desde 0be3d465,comportamento original preservado,gate de CI correspondente ao modulo,UX-06..UX-09 (ver prompt de continuacao),src/app/admin/relatorios/page.tsx,nao
/admin/rh/assistente,rh|admin,nao retrabalhada nesta entrega,inalterada desde 0be3d465,comportamento original preservado,gate de CI correspondente ao modulo,UX-06..UX-09 (ver prompt de continuacao),src/app/admin/rh/assistente/page.tsx,nao
/admin/satisfacao,marcelo|admin|ti,nao retrabalhada nesta entrega,inalterada desde 0be3d465,comportamento original preservado,gate de CI correspondente ao modulo,UX-06..UX-09 (ver prompt de continuacao),src/app/admin/satisfacao/page.tsx,nao
/admin/tema,marcelo|ti|admin,nao retrabalhada nesta entrega,inalterada desde 0be3d465,comportamento original preservado,gate de CI correspondente ao modulo,UX-06..UX-09 (ver prompt de continuacao),src/app/admin/tema/page.tsx,nao
/admin/terceiros,marcelo|admin|ti,nao retrabalhada nesta entrega,inalterada desde 0be3d465,comportamento original preservado,gate de CI correspondente ao modulo,UX-06..UX-09 (ver prompt de continuacao),src/app/admin/terceiros/page.tsx,nao
/admin/ti,ti|admin,nao retrabalhada nesta entrega,inalterada desde 0be3d465,comportamento original preservado,gate de CI correspondente ao modulo,UX-06..UX-09 (ver prompt de continuacao),src/app/admin/ti/page.tsx,nao
/admin/verificacao-manual,ver AdminGate no arquivo,nao retrabalhada nesta entrega,inalterada desde 0be3d465,comportamento original preservado,gate de CI correspondente ao modulo,UX-06..UX-09 (ver prompt de continuacao),src/app/admin/verificacao-manual/page.tsx,nao
/admin/visual,ti|admin,nao retrabalhada nesta entrega,inalterada desde 0be3d465,comportamento original preservado,gate de CI correspondente ao modulo,UX-06..UX-09 (ver prompt de continuacao),src/app/admin/visual/page.tsx,nao
/cliente,ver AdminGate no arquivo,nao retrabalhada nesta entrega,inalterada desde 0be3d465,comportamento original preservado,gate de CI correspondente ao modulo,UX-06..UX-09 (ver prompt de continuacao),src/app/cliente/page.tsx,nao
/cliente/acesso,ver AdminGate no arquivo,nao retrabalhada nesta entrega,inalterada desde 0be3d465,comportamento original preservado,gate de CI correspondente ao modulo,UX-06..UX-09 (ver prompt de continuacao),src/app/cliente/acesso/page.tsx,nao
/cliente/alterar-email,ver AdminGate no arquivo,nao retrabalhada nesta entrega,inalterada desde 0be3d465,comportamento original preservado,gate de CI correspondente ao modulo,UX-06..UX-09 (ver prompt de continuacao),src/app/cliente/alterar-email/page.tsx,nao
/cliente/app,ver AdminGate no arquivo,nao retrabalhada nesta entrega,inalterada desde 0be3d465,comportamento original preservado,gate de CI correspondente ao modulo,UX-06..UX-09 (ver prompt de continuacao),src/app/cliente/app/page.tsx,nao
/cliente/app/agenda,ver AdminGate no arquivo,nao retrabalhada nesta entrega,inalterada desde 0be3d465,comportamento original preservado,gate de CI correspondente ao modulo,UX-06..UX-09 (ver prompt de continuacao),src/app/cliente/app/agenda/page.tsx,nao
/cliente/app/assistente,ver AdminGate no arquivo,nao retrabalhada nesta entrega,inalterada desde 0be3d465,comportamento original preservado,gate de CI correspondente ao modulo,UX-06..UX-09 (ver prompt de continuacao),src/app/cliente/app/assistente/page.tsx,nao
/cliente/app/chamados,ver AdminGate no arquivo,nao retrabalhada nesta entrega,inalterada desde 0be3d465,comportamento original preservado,gate de CI correspondente ao modulo,UX-06..UX-09 (ver prompt de continuacao),src/app/cliente/app/chamados/page.tsx,nao
/cliente/app/cobrancas,ver AdminGate no arquivo,nao retrabalhada nesta entrega,inalterada desde 0be3d465,comportamento original preservado,gate de CI correspondente ao modulo,UX-06..UX-09 (ver prompt de continuacao),src/app/cliente/app/cobrancas/page.tsx,nao
/cliente/app/continuidade,ver AdminGate no arquivo,nao retrabalhada nesta entrega,inalterada desde 0be3d465,comportamento original preservado,gate de CI correspondente ao modulo,UX-06..UX-09 (ver prompt de continuacao),src/app/cliente/app/continuidade/page.tsx,nao
/cliente/app/contratos,ver AdminGate no arquivo,nao retrabalhada nesta entrega,inalterada desde 0be3d465,comportamento original preservado,gate de CI correspondente ao modulo,UX-06..UX-09 (ver prompt de continuacao),src/app/cliente/app/contratos/page.tsx,nao
/cliente/app/documentos,ver AdminGate no arquivo,nao retrabalhada nesta entrega,inalterada desde 0be3d465,comportamento original preservado,gate de CI correspondente ao modulo,UX-06..UX-09 (ver prompt de continuacao),src/app/cliente/app/documentos/page.tsx,nao
/cliente/app/portal,ver AdminGate no arquivo,nao retrabalhada nesta entrega,inalterada desde 0be3d465,comportamento original preservado,gate de CI correspondente ao modulo,UX-06..UX-09 (ver prompt de continuacao),src/app/cliente/app/portal/page.tsx,nao
/cliente/app/reclamacoes-colaborador,ver AdminGate no arquivo,nao retrabalhada nesta entrega,inalterada desde 0be3d465,comportamento original preservado,gate de CI correspondente ao modulo,UX-06..UX-09 (ver prompt de continuacao),src/app/cliente/app/reclamacoes-colaborador/page.tsx,nao
/cliente/app/relatorios,ver AdminGate no arquivo,nao retrabalhada nesta entrega,inalterada desde 0be3d465,comportamento original preservado,gate de CI correspondente ao modulo,UX-06..UX-09 (ver prompt de continuacao),src/app/cliente/app/relatorios/page.tsx,nao
/cliente/app/renovacao,ver AdminGate no arquivo,nao retrabalhada nesta entrega,inalterada desde 0be3d465,comportamento original preservado,gate de CI correspondente ao modulo,UX-06..UX-09 (ver prompt de continuacao),src/app/cliente/app/renovacao/page.tsx,nao
/cliente/app/satisfacao,ver AdminGate no arquivo,nao retrabalhada nesta entrega,inalterada desde 0be3d465,comportamento original preservado,gate de CI correspondente ao modulo,UX-06..UX-09 (ver prompt de continuacao),src/app/cliente/app/satisfacao/page.tsx,nao
/cliente/app/seguranca,ver AdminGate no arquivo,nao retrabalhada nesta entrega,inalterada desde 0be3d465,comportamento original preservado,gate de CI correspondente ao modulo,UX-06..UX-09 (ver prompt de continuacao),src/app/cliente/app/seguranca/page.tsx,nao
/cliente/app/solicitacoes,ver AdminGate no arquivo,nao retrabalhada nesta entrega,inalterada desde 0be3d465,comportamento original preservado,gate de CI correspondente ao modulo,UX-06..UX-09 (ver prompt de continuacao),src/app/cliente/app/solicitacoes/page.tsx,nao
/cliente/chamados,ver AdminGate no arquivo,nao retrabalhada nesta entrega,inalterada desde 0be3d465,comportamento original preservado,gate de CI correspondente ao modulo,UX-06..UX-09 (ver prompt de continuacao),src/app/cliente/chamados/page.tsx,nao
/cliente/confirmar-email,ver AdminGate no arquivo,nao retrabalhada nesta entrega,inalterada desde 0be3d465,comportamento original preservado,gate de CI correspondente ao modulo,UX-06..UX-09 (ver prompt de continuacao),src/app/cliente/confirmar-email/page.tsx,nao
/cliente/conta,ver AdminGate no arquivo,nao retrabalhada nesta entrega,inalterada desde 0be3d465,comportamento original preservado,gate de CI correspondente ao modulo,UX-06..UX-09 (ver prompt de continuacao),src/app/cliente/conta/page.tsx,nao
/cliente/contratos,ver AdminGate no arquivo,nao retrabalhada nesta entrega,inalterada desde 0be3d465,comportamento original preservado,gate de CI correspondente ao modulo,UX-06..UX-09 (ver prompt de continuacao),src/app/cliente/contratos/page.tsx,nao
/cliente/convite,ver AdminGate no arquivo,nao retrabalhada nesta entrega,inalterada desde 0be3d465,comportamento original preservado,gate de CI correspondente ao modulo,UX-06..UX-09 (ver prompt de continuacao),src/app/cliente/convite/page.tsx,nao
/cliente/documentos,ver AdminGate no arquivo,nao retrabalhada nesta entrega,inalterada desde 0be3d465,comportamento original preservado,gate de CI correspondente ao modulo,UX-06..UX-09 (ver prompt de continuacao),src/app/cliente/documentos/page.tsx,nao
/cliente/entrar,ver AdminGate no arquivo,nao retrabalhada nesta entrega,inalterada desde 0be3d465,comportamento original preservado,gate de CI correspondente ao modulo,UX-06..UX-09 (ver prompt de continuacao),src/app/cliente/entrar/page.tsx,nao
/cliente/painel,ver AdminGate no arquivo,nao retrabalhada nesta entrega,inalterada desde 0be3d465,comportamento original preservado,gate de CI correspondente ao modulo,UX-06..UX-09 (ver prompt de continuacao),src/app/cliente/painel/page.tsx,nao
/cliente/recuperar-senha,ver AdminGate no arquivo,nao retrabalhada nesta entrega,inalterada desde 0be3d465,comportamento original preservado,gate de CI correspondente ao modulo,UX-06..UX-09 (ver prompt de continuacao),src/app/cliente/recuperar-senha/page.tsx,nao
/cliente/redefinir-senha,ver AdminGate no arquivo,nao retrabalhada nesta entrega,inalterada desde 0be3d465,comportamento original preservado,gate de CI correspondente ao modulo,UX-06..UX-09 (ver prompt de continuacao),src/app/cliente/redefinir-senha/page.tsx,nao
/cliente/seguranca,ver AdminGate no arquivo,nao retrabalhada nesta entrega,inalterada desde 0be3d465,comportamento original preservado,gate de CI correspondente ao modulo,UX-06..UX-09 (ver prompt de continuacao),src/app/cliente/seguranca/page.tsx,nao
/contato,ver AdminGate no arquivo,nao retrabalhada nesta entrega,inalterada desde 0be3d465,comportamento original preservado,gate de CI correspondente ao modulo,UX-06..UX-09 (ver prompt de continuacao),src/app/contato/page.tsx,nao
/conteudos,ver AdminGate no arquivo,nao retrabalhada nesta entrega,inalterada desde 0be3d465,comportamento original preservado,gate de CI correspondente ao modulo,UX-06..UX-09 (ver prompt de continuacao),src/app/conteudos/page.tsx,nao
/conteudos/[slug],ver AdminGate no arquivo,nao retrabalhada nesta entrega,inalterada desde 0be3d465,comportamento original preservado,gate de CI correspondente ao modulo,UX-06..UX-09 (ver prompt de continuacao),src/app/conteudos/[slug]/page.tsx,nao
/faq,ver AdminGate no arquivo,nao retrabalhada nesta entrega,inalterada desde 0be3d465,comportamento original preservado,gate de CI correspondente ao modulo,UX-06..UX-09 (ver prompt de continuacao),src/app/faq/page.tsx,nao
/funcionario,ver AdminGate no arquivo,nao retrabalhada nesta entrega,inalterada desde 0be3d465,comportamento original preservado,gate de CI correspondente ao modulo,UX-06..UX-09 (ver prompt de continuacao),src/app/funcionario/page.tsx,nao
/layout-01,ver AdminGate no arquivo,nao retrabalhada nesta entrega,inalterada desde 0be3d465,comportamento original preservado,gate de CI correspondente ao modulo,UX-06..UX-09 (ver prompt de continuacao),src/app/layout-01/page.tsx,nao
/layout-02,ver AdminGate no arquivo,nao retrabalhada nesta entrega,inalterada desde 0be3d465,comportamento original preservado,gate de CI correspondente ao modulo,UX-06..UX-09 (ver prompt de continuacao),src/app/layout-02/page.tsx,nao
/layout-03,ver AdminGate no arquivo,nao retrabalhada nesta entrega,inalterada desde 0be3d465,comportamento original preservado,gate de CI correspondente ao modulo,UX-06..UX-09 (ver prompt de continuacao),src/app/layout-03/page.tsx,nao
/layout-04,ver AdminGate no arquivo,nao retrabalhada nesta entrega,inalterada desde 0be3d465,comportamento original preservado,gate de CI correspondente ao modulo,UX-06..UX-09 (ver prompt de continuacao),src/app/layout-04/page.tsx,nao
/layout-05,ver AdminGate no arquivo,nao retrabalhada nesta entrega,inalterada desde 0be3d465,comportamento original preservado,gate de CI correspondente ao modulo,UX-06..UX-09 (ver prompt de continuacao),src/app/layout-05/page.tsx,nao
/layout-06,ver AdminGate no arquivo,nao retrabalhada nesta entrega,inalterada desde 0be3d465,comportamento original preservado,gate de CI correspondente ao modulo,UX-06..UX-09 (ver prompt de continuacao),src/app/layout-06/page.tsx,nao
/layout-07,ver AdminGate no arquivo,nao retrabalhada nesta entrega,inalterada desde 0be3d465,comportamento original preservado,gate de CI correspondente ao modulo,UX-06..UX-09 (ver prompt de continuacao),src/app/layout-07/page.tsx,nao
/layout-08,ver AdminGate no arquivo,nao retrabalhada nesta entrega,inalterada desde 0be3d465,comportamento original preservado,gate de CI correspondente ao modulo,UX-06..UX-09 (ver prompt de continuacao),src/app/layout-08/page.tsx,nao
/layout-09,ver AdminGate no arquivo,nao retrabalhada nesta entrega,inalterada desde 0be3d465,comportamento original preservado,gate de CI correspondente ao modulo,UX-06..UX-09 (ver prompt de continuacao),src/app/layout-09/page.tsx,nao
/layout-10,ver AdminGate no arquivo,nao retrabalhada nesta entrega,inalterada desde 0be3d465,comportamento original preservado,gate de CI correspondente ao modulo,UX-06..UX-09 (ver prompt de continuacao),src/app/layout-10/page.tsx,nao
/orcamento,ver AdminGate no arquivo,nao retrabalhada nesta entrega,inalterada desde 0be3d465,comportamento original preservado,gate de CI correspondente ao modulo,UX-06..UX-09 (ver prompt de continuacao),src/app/orcamento/page.tsx,nao
/pacotes,ver AdminGate no arquivo,nao retrabalhada nesta entrega,inalterada desde 0be3d465,comportamento original preservado,gate de CI correspondente ao modulo,UX-06..UX-09 (ver prompt de continuacao),src/app/pacotes/page.tsx,nao
/privacidade,ver AdminGate no arquivo,nao retrabalhada nesta entrega,inalterada desde 0be3d465,comportamento original preservado,gate de CI correspondente ao modulo,UX-06..UX-09 (ver prompt de continuacao),src/app/privacidade/page.tsx,nao
/proposta/aceite/[token],ver AdminGate no arquivo,nao retrabalhada nesta entrega,inalterada desde 0be3d465,comportamento original preservado,gate de CI correspondente ao modulo,UX-06..UX-09 (ver prompt de continuacao),src/app/proposta/aceite/[token]/page.tsx,nao
/qa/modulos,ver AdminGate no arquivo,nao retrabalhada nesta entrega,inalterada desde 0be3d465,comportamento original preservado,gate de CI correspondente ao modulo,UX-06..UX-09 (ver prompt de continuacao),src/app/qa/modulos/page.tsx,nao
/segmentos,ver AdminGate no arquivo,nao retrabalhada nesta entrega,inalterada desde 0be3d465,comportamento original preservado,gate de CI correspondente ao modulo,UX-06..UX-09 (ver prompt de continuacao),src/app/segmentos/page.tsx,nao
/segmentos/[key],ver AdminGate no arquivo,nao retrabalhada nesta entrega,inalterada desde 0be3d465,comportamento original preservado,gate de CI correspondente ao modulo,UX-06..UX-09 (ver prompt de continuacao),src/app/segmentos/[key]/page.tsx,nao
/servicos,ver AdminGate no arquivo,nao retrabalhada nesta entrega,inalterada desde 0be3d465,comportamento original preservado,gate de CI correspondente ao modulo,UX-06..UX-09 (ver prompt de continuacao),src/app/servicos/page.tsx,nao
/servicos/[id],ver AdminGate no arquivo,nao retrabalhada nesta entrega,inalterada desde 0be3d465,comportamento original preservado,gate de CI correspondente ao modulo,UX-06..UX-09 (ver prompt de continuacao),src/app/servicos/[id]/page.tsx,nao
/simulador,ver AdminGate no arquivo,nao retrabalhada nesta entrega,inalterada desde 0be3d465,comportamento original preservado,gate de CI correspondente ao modulo,UX-06..UX-09 (ver prompt de continuacao),src/app/simulador/page.tsx,nao
