"id","bloco","categoria","nome","formato","onda","prioridade","manchete","status","arquivo_sugerido"
"A01","A","Boas-vindas — geral","Boas-vindas geral — clássica","hero 1200x600","0","P0","Bem-vindo(a) ao time!","em_revisao","public/emails/a/cv-a01-boas-vindas-geral-classica.jpg"
"A02","A","Boas-vindas — geral","Boas-vindas geral — azul-profundo","hero 1200x600","2","P1","(cópia de A01)","planejada","public/emails/a/cv-a02-boas-vindas-geral-azul-profundo.jpg"
"A03","A","Boas-vindas — geral","Boas-vindas geral — equipe ilustrada","hero 1200x600","2","P1","(cópia de A01)","planejada","public/emails/a/cv-a03-boas-vindas-geral-equipe-ilustrada.jpg"
"A04","A","Boas-vindas — geral","Boas-vindas geral — campo/viatura","hero 1200x600","2","P1","(cópia de A01)","planejada","public/emails/a/cv-a04-boas-vindas-geral-campo-viatura.jpg"
"A05","A","Boas-vindas — geral","Boas-vindas geral — editorial claro","hero 1200x600","2","P1","(cópia de A01)","planejada","public/emails/a/cv-a05-boas-vindas-geral-editorial-claro.jpg"
"A06","A","Boas-vindas — geral","Boas-vindas geral — mobile/PWA","hero 1200x600","2","P1","(cópia de A01)","planejada","public/emails/a/cv-a06-boas-vindas-geral-mobile-pwa.jpg"
"A07","A","Boas-vindas — por função","Boas-vindas — vigilante","hero 1200x600","0","P0","Sua postura protege. Bem-vindo(a)!","em_revisao","public/emails/a/cv-a07-boas-vindas-vigilante.jpg"
"A08","A","Boas-vindas — por função","Boas-vindas — supervisor","hero 1200x600","2","P1","Supervisão é cuidado com pessoas.","planejada","public/emails/a/cv-a08-boas-vindas-supervisor.jpg"
"A09","A","Boas-vindas — por função","Boas-vindas — gerente de operações","hero 1200x600","2","P1","Operação conectada começa com você.","planejada","public/emails/a/cv-a09-boas-vindas-gerente-de-operacoes.jpg"
"A10","A","Boas-vindas — por função","Boas-vindas — portaria/controle de acesso","hero 1200x600","2","P1","O primeiro cuidado é o acesso.","planejada","public/emails/a/cv-a10-boas-vindas-portaria-controle-de-acesso.jpg"
"A11","A","Boas-vindas — por função","Boas-vindas — central/monitoramento","hero 1200x600","2","P1","Você é a continuidade 24 horas.","planejada","public/emails/a/cv-a11-boas-vindas-central-monitoramento.jpg"
"A12","A","Boas-vindas — por função","Boas-vindas — limpeza e conservação","hero 1200x600","2","P1","Cuidar do ambiente é cuidar das pessoas.","planejada","public/emails/a/cv-a12-boas-vindas-limpeza-e-conservacao.jpg"
"A13","A","Boas-vindas — por função","Boas-vindas — ronda/supervisão","hero 1200x600","2","P1","Cada ronda, uma entrega de confiança.","planejada","public/emails/a/cv-a13-boas-vindas-ronda-supervisao.jpg"
"A14","A","Boas-vindas — por função","Boas-vindas — sede/administrativo","hero 1200x600","2","P1","Quem apoia o campo, protege tudo.","planejada","public/emails/a/cv-a14-boas-vindas-sede-administrativo.jpg"
"A15","A","Boas-vindas — por vínculo","Boas-vindas — CLT","hero 1200x600","2","P1","Carteira assinada, futuro em comum.","planejada","public/emails/a/cv-a15-boas-vindas-clt.jpg"
"A16","A","Boas-vindas — por vínculo","Boas-vindas — temporário/estágio","hero 1200x600","2","P1","Toda experiência constrói carreira.","planejada","public/emails/a/cv-a16-boas-vindas-temporario-estagio.jpg"
"A17","A","Boas-vindas — por vínculo","Boas-vindas — terceirizado alocado","hero 1200x600","2","P1","Você faz parte do time onde atua.","planejada","public/emails/a/cv-a17-boas-vindas-terceirizado-alocado.jpg"
"A18","A","Boas-vindas — por vínculo","Boas-vindas — PJ/parceiro","hero 1200x600","2","P1","Parceria é proteção em conjunto.","planejada","public/emails/a/cv-a18-boas-vindas-pj-parceiro.jpg"
"A19","A","Boas-vindas — tempo de casa","Tempo de casa — 1 ano","hero 1200x600","2","P1","1 ano de história com a gente!","planejada","public/emails/a/cv-a19-tempo-de-casa-1-ano.jpg"
"A20","A","Boas-vindas — tempo de casa","Tempo de casa — 2 anos","hero 1200x600","2","P1","2 anos construindo confiança.","planejada","public/emails/a/cv-a20-tempo-de-casa-2-anos.jpg"
"A21","A","Boas-vindas — tempo de casa","Tempo de casa — 3 anos","hero 1200x600","2","P1","3 anos de parceria de verdade.","planejada","public/emails/a/cv-a21-tempo-de-casa-3-anos.jpg"
"A22","A","Boas-vindas — tempo de casa","Tempo de casa — 5 anos","hero 1200x600","2","P1","5 anos! Metade de uma década protegendo pessoas.","planejada","public/emails/a/cv-a22-tempo-de-casa-5-anos.jpg"
"A23","A","Boas-vindas — tempo de casa","Tempo de casa — 10 anos","hero 1200x600","2","P1","10 anos de dedicação. Orgulho de ter você.","planejada","public/emails/a/cv-a23-tempo-de-casa-10-anos.jpg"
"A24","A","Boas-vindas — tempo de casa","Tempo de casa — 20 anos","hero 1200x600","2","P1","20 anos. Uma carreira inteira de proteção.","planejada","public/emails/a/cv-a24-tempo-de-casa-20-anos.jpg"
"A25","A","Boas-vindas — transições","Transição — transferência de posto","hero 1200x600","2","P1","Novo posto, mesma entrega.","planejada","public/emails/a/cv-a25-transicao-transferencia-de-posto.jpg"
"A26","A","Boas-vindas — transições","Transição — promoção/nova função","hero 1200x600","2","P1","Você cresceu, a gente viu.","planejada","public/emails/a/cv-a26-transicao-promocao-nova-funcao.jpg"
"A27","A","Boas-vindas — transições","Transição — retorno de afastamento","hero 1200x600","2","P1","Bem-vindo(a) de volta!","planejada","public/emails/a/cv-a27-transicao-retorno-de-afastamento.jpg"
"A28","A","Boas-vindas — transições","Transição — reativação de conta","hero 1200x600","2","P1","Sua conta está ativa de novo.","planejada","public/emails/a/cv-a28-transicao-reativacao-de-conta.jpg"
"A29","A","Boas-vindas — transições","Transição — mudança de escala","hero 1200x600","2","P1","Nova escala, novo ritmo.","planejada","public/emails/a/cv-a29-transicao-mudanca-de-escala.jpg"
"A30","A","Boas-vindas — transições","Transição — mudança de unidade/filial","hero 1200x600","2","P1","Nova unidade, novo capítulo.","planejada","public/emails/a/cv-a30-transicao-mudanca-de-unidade-filial.jpg"
"A31","A","Boas-vindas — acompanhamento","Acompanhamento — mensagem do gestor","hero 1200x600","2","P1","Sua liderança te dá boas-vindas.","planejada","public/emails/a/cv-a31-acompanhamento-mensagem-do-gestor.jpg"
"A32","A","Boas-vindas — acompanhamento","Acompanhamento — primeiro plantão","hero 1200x600","2","P1","Primeiro plantão: conte com a gente.","planejada","public/emails/a/cv-a32-acompanhamento-primeiro-plantao.jpg"
"A33","A","Boas-vindas — acompanhamento","Acompanhamento — checklist 1ª semana","hero 1200x600","2","P1","Sua primeira semana, passo a passo.","planejada","public/emails/a/cv-a33-acompanhamento-checklist-1-semana.jpg"
"A34","A","Boas-vindas — acompanhamento","Acompanhamento — canal com o RH","hero 1200x600","2","P1","Dúvida? O RH está perto de você.","planejada","public/emails/a/cv-a34-acompanhamento-canal-com-o-rh.jpg"
"A35","A","Boas-vindas — acompanhamento","Acompanhamento — FAQ interna","hero 1200x600","2","P1","Respostas rápidas para o dia a dia.","planejada","public/emails/a/cv-a35-acompanhamento-faq-interna.jpg"
"B01","B","Conta — convite/criação","Convite — clássica","hero 1200x600","0","P0","Seu acesso está pronto.","em_revisao","public/emails/b/cv-b01-convite-classica.jpg"
"B02","B","Conta — convite/criação","Convite — escudo hero","hero 1200x600","1","P0","(cópia de B01)","em_revisao","public/emails/b/cv-b02-convite-escudo-hero.jpg"
"B03","B","Conta — convite/criação","Convite — dark","hero 1200x600","1","P0","(cópia de B01)","em_revisao","public/emails/b/cv-b03-convite-dark.jpg"
"B04","B","Conta — convite/criação","Convite — mobile/PWA","hero 1200x600","1","P0","(cópia de B01)","em_revisao","public/emails/b/cv-b04-convite-mobile-pwa.jpg"
"B05","B","Conta — convite/criação","Convite — editorial","hero 1200x600","1","P0","(cópia de B01)","em_revisao","public/emails/b/cv-b05-convite-editorial.jpg"
"B06","B","Conta — convite/criação","Convite — reenvio","hero 1200x600","1","P0","Reenviamos seu convite.","em_revisao","public/emails/b/cv-b06-convite-reenvio.jpg"
"B07","B","Conta — convite/criação","Convite — reenvio compacto","compacto 1200x400","1","P0","(cópia de B06)","em_revisao","public/emails/b/cv-b07-convite-reenvio-compacto.jpg"
"B08","B","Conta — convite/criação","Convite — expira em 3 dias","hero 1200x600","1","P0","Seu convite expira em 3 dias.","em_revisao","public/emails/b/cv-b08-convite-expira-em-3-dias.jpg"
"B09","B","Conta — convite/criação","Convite — expira hoje","hero 1200x600","1","P0","Último dia do seu convite.","em_revisao","public/emails/b/cv-b09-convite-expira-hoje.jpg"
"B10","B","Conta — convite/criação","Convite — expirado","hero 1200x600","1","P0","Seu convite expirou.","em_revisao","public/emails/b/cv-b10-convite-expirado.jpg"
"B11","B","Conta — convite/criação","Convite — revogado","hero 1200x600","1","P0","Convite cancelado.","em_revisao","public/emails/b/cv-b11-convite-revogado.jpg"
"B12","B","Conta — convite/criação","Convite — aceite confirmado","hero 1200x600","1","P0","Convite aceito. Bem-vindo(a)!","em_revisao","public/emails/b/cv-b12-convite-aceite-confirmado.jpg"
"B13","B","Conta — convite/criação","Conta criada","hero 1200x600","1","P0","Conta criada com sucesso!","em_revisao","public/emails/b/cv-b13-conta-criada.jpg"
"B14","B","Conta — convite/criação","Próximos passos","hero 1200x600","1","P0","Três passos e tudo pronto.","em_revisao","public/emails/b/cv-b14-proximos-passos.jpg"
"B15","B","Conta — convite/criação","Convite de gestão","hero 1200x600","1","P0","Acesso de gestão liberado.","em_revisao","public/emails/b/cv-b15-convite-de-gestao.jpg"
"B16","B","Conta — confirmação de e-mail","Confirmação de e-mail — link enviado","hero 1200x600","0","P0","Só falta confirmar seu e-mail.","em_revisao","public/emails/b/cv-b16-confirmacao-de-e-mail-link-enviado.jpg"
"B17","B","Conta — confirmação de e-mail","Confirmação — compacta","compacto 1200x400","1","P0","(cópia de B16)","em_revisao","public/emails/b/cv-b17-confirmacao-compacta.jpg"
"B18","B","Conta — confirmação de e-mail","Confirmação — reenvio","hero 1200x600","1","P0","Novo link de confirmação enviado.","em_revisao","public/emails/b/cv-b18-confirmacao-reenvio.jpg"
"B19","B","Conta — confirmação de e-mail","Confirmação — confirmado","hero 1200x600","1","P0","E-mail confirmado!","em_revisao","public/emails/b/cv-b19-confirmacao-confirmado.jpg"
"B20","B","Conta — confirmação de e-mail","Confirmação — expirado","hero 1200x600","1","P0","Seu link de confirmação expirou.","em_revisao","public/emails/b/cv-b20-confirmacao-expirado.jpg"
"B21","B","Conta — confirmação de e-mail","Confirmação — já confirmado","hero 1200x600","1","P0","Este e-mail já está confirmado.","em_revisao","public/emails/b/cv-b21-confirmacao-ja-confirmado.jpg"
"B22","B","Conta — recuperação de senha","Recuperação — link enviado clássica","hero 1200x600","0","P0","Redefinir sua senha? Comece aqui.","em_revisao","public/emails/b/cv-b22-recuperacao-link-enviado-classica.jpg"
"B23","B","Conta — recuperação de senha","Recuperação — escudo hero","hero 1200x600","1","P0","(cópia de B22)","planejada","public/emails/b/cv-b23-recuperacao-escudo-hero.jpg"
"B24","B","Conta — recuperação de senha","Recuperação — dark","hero 1200x600","1","P0","(cópia de B22)","planejada","public/emails/b/cv-b24-recuperacao-dark.jpg"
"B25","B","Conta — recuperação de senha","Recuperação — compacta","compacto 1200x400","1","P0","(cópia de B22)","planejada","public/emails/b/cv-b25-recuperacao-compacta.jpg"
"B26","B","Conta — recuperação de senha","Recuperação — redefinida","hero 1200x600","0","P0","Senha redefinida com sucesso.","em_revisao","public/emails/b/cv-b26-recuperacao-redefinida.jpg"
"B27","B","Conta — recuperação de senha","Recuperação — redefinida compacta","compacto 1200x400","1","P0","(cópia de B26)","planejada","public/emails/b/cv-b27-recuperacao-redefinida-compacta.jpg"
"B28","B","Conta — recuperação de senha","Recuperação — sessões encerradas","hero 1200x600","1","P0","Por segurança, encerramos suas sessões.","planejada","public/emails/b/cv-b28-recuperacao-sessoes-encerradas.jpg"
"B29","B","Conta — recuperação de senha","Recuperação — política de senha","hero 1200x600","1","P0","Senha forte sem sofrimento.","planejada","public/emails/b/cv-b29-recuperacao-politica-de-senha.jpg"
"B30","B","Conta — recuperação de senha","Recuperação — espera progressiva","hero 1200x600","1","P0","Muitas tentativas? Vamos respirar.","planejada","public/emails/b/cv-b30-recuperacao-espera-progressiva.jpg"
"B31","B","Conta — recuperação de senha","Recuperação — tentativa suspeita","hero 1200x600","1","P0","Recebemos um pedido de redefinição para sua conta.","planejada","public/emails/b/cv-b31-recuperacao-tentativa-suspeita.jpg"
"B32","B","Conta — recuperação de senha","Recuperação — assistida","hero 1200x600","1","P0","Redefinição assistida concluída.","planejada","public/emails/b/cv-b32-recuperacao-assistida.jpg"
"B33","B","Conta — recuperação de senha","Recuperação — senha recusada","hero 1200x600","1","P0","Essa senha não passou.","planejada","public/emails/b/cv-b33-recuperacao-senha-recusada.jpg"
"B34","B","Conta — segurança","Segurança — MFA ativado","hero 1200x600","1","P0","Camada extra ativada.","planejada","public/emails/b/cv-b34-seguranca-mfa-ativado.jpg"
"B35","B","Conta — segurança","Segurança — códigos MFA","hero 1200x600","1","P0","Guarde seus códigos de recuperação.","planejada","public/emails/b/cv-b35-seguranca-codigos-mfa.jpg"
"B36","B","Conta — segurança","Segurança — MFA desativado","hero 1200x600","1","P0","Segundo fator desativado.","planejada","public/emails/b/cv-b36-seguranca-mfa-desativado.jpg"
"B37","B","Conta — segurança","Segurança — troca de e-mail (novo)","hero 1200x600","1","P0","Confirme seu novo e-mail.","planejada","public/emails/b/cv-b37-seguranca-troca-de-e-mail-novo.jpg"
"B38","B","Conta — segurança","Segurança — troca de e-mail (antigo)","hero 1200x600","1","P0","Solicitaram troca do e-mail da sua conta.","planejada","public/emails/b/cv-b38-seguranca-troca-de-e-mail-antigo.jpg"
"B39","B","Conta — segurança","Segurança — alerta não fui eu","hero 1200x600","1","P0","Alerta registrado com sucesso.","planejada","public/emails/b/cv-b39-seguranca-alerta-nao-fui-eu.jpg"
"B40","B","Conta — segurança","Segurança — novo login","hero 1200x600","1","P0","Novo acesso à sua conta.","planejada","public/emails/b/cv-b40-seguranca-novo-login.jpg"
"B41","B","Conta — segurança","Segurança — sessão revogada","hero 1200x600","1","P0","Uma sessão foi encerrada.","planejada","public/emails/b/cv-b41-seguranca-sessao-revogada.jpg"
"B42","B","Conta — segurança","Segurança — conta suspensa","hero 1200x600","1","P0","Sua conta foi suspensa.","planejada","public/emails/b/cv-b42-seguranca-conta-suspensa.jpg"
"B43","B","Conta — segurança","Segurança — conta reativada","hero 1200x600","1","P0","Sua conta está ativa novamente.","planejada","public/emails/b/cv-b43-seguranca-conta-reativada.jpg"
"B44","B","Conta — segurança","Segurança — conta desativada","hero 1200x600","1","P0","Seu acesso foi encerrado.","planejada","public/emails/b/cv-b44-seguranca-conta-desativada.jpg"
"B45","B","Conta — segurança","Segurança — manutenção do portal","hero 1200x600","1","P0","Portal em manutenção.","planejada","public/emails/b/cv-b45-seguranca-manutencao-do-portal.jpg"
"C01","C","Comemorativa — aniversário","Aniversário — clássica","hero 1200x600","0","P0","Feliz aniversário!","em_revisao","public/emails/c/cv-c01-aniversario-classica.jpg"
"C02","C","Comemorativa — aniversário","Aniversário — noturna","hero 1200x600","2","P1","(cópia de C01)","planejada","public/emails/c/cv-c02-aniversario-noturna.jpg"
"C03","C","Comemorativa — aniversário","Aniversário — bolo ilustrado","hero 1200x600","2","P1","(cópia de C01)","planejada","public/emails/c/cv-c03-aniversario-bolo-ilustrado.jpg"
"C04","C","Comemorativa — aniversário","Aniversário — linha do cuidado","hero 1200x600","2","P1","(cópia de C01)","planejada","public/emails/c/cv-c04-aniversario-linha-do-cuidado.jpg"
"C05","C","Comemorativa — aniversário","Aniversário — mobile/PWA","hero 1200x600","2","P1","(cópia de C01)","planejada","public/emails/c/cv-c05-aniversario-mobile-pwa.jpg"
"C06","C","Comemorativa — aniversário","Aniversário — plantão noturno 12x36","hero 1200x600","2","P1","Feliz aniversário — e obrigado(a) por estar no plantão hoje.","planejada","public/emails/c/cv-c06-aniversario-plantao-noturno-12x36.jpg"
"C07","C","Comemorativa — aniversário","Aniversário — plantão diurno","hero 1200x600","2","P1","Aniversário em dia de plantão: a comemoração é em dobro.","planejada","public/emails/c/cv-c07-aniversario-plantao-diurno.jpg"
"C08","C","Comemorativa — aniversário","Aniversário — mensagem do gestor","hero 1200x600","2","P1","Seu gestor tem um recado para você.","planejada","public/emails/c/cv-c08-aniversario-mensagem-do-gestor.jpg"
"C09","C","Comemorativa — aniversário","Aniversário — mensagem da equipe","hero 1200x600","2","P1","A equipe mandou dizer…","planejada","public/emails/c/cv-c09-aniversario-mensagem-da-equipe.jpg"
"C10","C","Comemorativa — aniversário","Aniversário — institucional RH","hero 1200x600","2","P1","Felicidades do RH SEG System.","planejada","public/emails/c/cv-c10-aniversario-institucional-rh.jpg"
"C11","C","Comemorativa — aniversário","Aniversário — acolhedora","hero 1200x600","2","P1","Hoje o agradecimento é por você existir.","planejada","public/emails/c/cv-c11-aniversario-acolhedora.jpg"
"C12","C","Comemorativa — aniversário","Aniversariantes do mês — mural","mural 1200x400","2","P1","Aniversariantes do mês","planejada","public/emails/c/cv-c12-aniversariantes-do-mes-mural.jpg"
"C13","C","Comemorativa — aniversário","Aniversário — uso interno RH","compacto 1200x400","2","P1","Parabéns do dia: disparo preparado","planejada","public/emails/c/cv-c13-aniversario-uso-interno-rh.jpg"
"C14","C","Comemorativa — aniversário","Aniversário — quadrado WhatsApp","quadrado 1080x1080","2","P1","Feliz aniversário!","planejada","public/emails/c/cv-c14-aniversario-quadrado-whatsapp.jpg"
"C15","C","Comemorativa — aniversário","Aniversário — base editável sem texto","hero 1200x600","2","P1","","planejada","public/emails/c/cv-c15-aniversario-base-editavel-sem-texto.jpg"
"C16","C","Comemorativa — Natal","Natal — clássica","hero 1200x600","0","P0","Feliz Natal!","em_revisao","public/emails/c/cv-c16-natal-classica.jpg"
"C17","C","Comemorativa — Natal","Natal — escudo natalino","hero 1200x600","1","P0","Natal protegido é Natal em paz.","planejada","public/emails/c/cv-c17-natal-escudo-natalino.jpg"
"C18","C","Comemorativa — Natal","Natal — viatura decorada","hero 1200x600","1","P0","Nossa gratidão corre 24h.","planejada","public/emails/c/cv-c18-natal-viatura-decorada.jpg"
"C19","C","Comemorativa — Natal","Natal — noite azul-neve","hero 1200x600","1","P0","Noite de Natal, cuidado sem pausa.","planejada","public/emails/c/cv-c19-natal-noite-azul-neve.jpg"
"C20","C","Comemorativa — Natal","Natal — mensagem da diretoria","hero 1200x600","1","P0","Mensagem de Natal da diretoria","planejada","public/emails/c/cv-c20-natal-mensagem-da-diretoria.jpg"
"C21","C","Comemorativa — Natal","Natal — plantão 24/12","hero 1200x600","1","P0","Véspera de Natal no posto: obrigado(a)!","planejada","public/emails/c/cv-c21-natal-plantao-24-12.jpg"
"C22","C","Comemorativa — Natal","Natal — plantão 25/12","hero 1200x600","1","P0","Natal é com você no plantão.","planejada","public/emails/c/cv-c22-natal-plantao-25-12.jpg"
"C23","C","Comemorativa — Natal","Natal — escala do recesso","hero 1200x600","1","P0","Escala do recesso publicada","planejada","public/emails/c/cv-c23-natal-escala-do-recesso.jpg"
"C24","C","Comemorativa — Natal","Natal — convite confraternização","hero 1200x600","1","P0","Confraternização de fim de ano","planejada","public/emails/c/cv-c24-natal-convite-confraternizacao.jpg"
"C25","C","Comemorativa — Natal","Natal — benefício de fim de ano","hero 1200x600","1","P0","Benefício de fim de ano","planejada","public/emails/c/cv-c25-natal-beneficio-de-fim-de-ano.jpg"
"C26","C","Comemorativa — Natal","Natal — retrospectiva","hero 1200x600","1","P0","2026: um ano de cuidado","planejada","public/emails/c/cv-c26-natal-retrospectiva.jpg"
"C27","C","Comemorativa — Natal","Natal — último plantão do ano","hero 1200x600","1","P0","Último plantão do ano: obrigado(a)!","planejada","public/emails/c/cv-c27-natal-ultimo-plantao-do-ano.jpg"
"C28","C","Comemorativa — Natal","Natal — quadrado WhatsApp","quadrado 1080x1080","1","P0","Feliz Natal!","planejada","public/emails/c/cv-c28-natal-quadrado-whatsapp.jpg"
"C29","C","Comemorativa — Ano Novo","Ano Novo — contagem","hero 1200x600","0","P0","2027 está chegando","em_revisao","public/emails/c/cv-c29-ano-novo-contagem.jpg"
"C30","C","Comemorativa — Ano Novo","Ano Novo — fogos azul","hero 1200x600","1","P0","Feliz Ano Novo!","planejada","public/emails/c/cv-c30-ano-novo-fogos-azul.jpg"
"C31","C","Comemorativa — Ano Novo","Ano Novo — diretoria","hero 1200x600","1","P0","Boas-vindas a 2027","planejada","public/emails/c/cv-c31-ano-novo-diretoria.jpg"
"C32","C","Comemorativa — Ano Novo","Ano Novo — primeiro plantão","hero 1200x600","1","P0","Primeiro plantão de 2027: obrigado(a)!","planejada","public/emails/c/cv-c32-ano-novo-primeiro-plantao.jpg"
"C33","C","Comemorativa — Ano Novo","Ano Novo — retomada","hero 1200x600","1","P0","Retomamos em ritmo integral","planejada","public/emails/c/cv-c33-ano-novo-retomada.jpg"
"C34","C","Comemorativa — Ano Novo","Ano Novo — metas e valores","hero 1200x600","1","P0","Nosso compromisso em 2027","planejada","public/emails/c/cv-c34-ano-novo-metas-e-valores.jpg"
"C35","C","Comemorativa — Ano Novo","Ano Novo — calendário de janeiro","hero 1200x600","1","P0","Janeiro em um olhar","planejada","public/emails/c/cv-c35-ano-novo-calendario-de-janeiro.jpg"
"C36","C","Comemorativa — Ano Novo","Ano Novo — segurança primeiro","hero 1200x600","1","P0","Em 2027, segurança continua em primeiro","planejada","public/emails/c/cv-c36-ano-novo-seguranca-primeiro.jpg"
"C37","C","Comemorativa — Ano Novo","Ano Novo — quadrado WhatsApp","quadrado 1080x1080","1","P0","Feliz 2027!","planejada","public/emails/c/cv-c37-ano-novo-quadrado-whatsapp.jpg"
"C38","C","Comemorativa — Dia da Mulher","Dia da Mulher — clássica","hero 1200x600","3","P1","Dia da Mulher","planejada","public/emails/c/cv-c38-dia-da-mulher-classica.jpg"
"C39","C","Comemorativa — Dia da Mulher","Dia da Mulher — operação","hero 1200x600","3","P1","Mulheres que fazem a diferença","planejada","public/emails/c/cv-c39-dia-da-mulher-operacao.jpg"
"C40","C","Comemorativa — Dia da Mulher","Dia da Mulher — institucional","hero 1200x600","3","P1","8 de março","planejada","public/emails/c/cv-c40-dia-da-mulher-institucional.jpg"
"C41","C","Comemorativa — Dia da Mulher","Dia da Mulher — ilustração","hero 1200x600","3","P1","Proteção também tem nome de mulher","planejada","public/emails/c/cv-c41-dia-da-mulher-ilustracao.jpg"
"C42","C","Comemorativa — Dia da Mulher","Dia da Mulher — evento","hero 1200x600","3","P1","Roda de conversa de 8 de março","planejada","public/emails/c/cv-c42-dia-da-mulher-evento.jpg"
"C43","C","Comemorativa — Dia da Mulher","Dia da Mulher — pós-evento","hero 1200x600","3","P1","Obrigado pela presença","planejada","public/emails/c/cv-c43-dia-da-mulher-pos-evento.jpg"
"C44","C","Comemorativa — Dia da Mulher","Dia da Mulher — mural","mural 1200x400","3","P1","Dia da Mulher SEG System","planejada","public/emails/c/cv-c44-dia-da-mulher-mural.jpg"
"C45","C","Comemorativa — Dia da Mulher","Dia da Mulher — quadrado WhatsApp","quadrado 1080x1080","3","P1","Feliz Dia da Mulher!","planejada","public/emails/c/cv-c45-dia-da-mulher-quadrado-whatsapp.jpg"
"C46","C","Comemorativa — Dia do Trabalhador","Dia do Trabalhador — clássica","hero 1200x600","3","P1","Dia do Trabalhador","planejada","public/emails/c/cv-c46-dia-do-trabalhador-classica.jpg"
"C47","C","Comemorativa — Dia do Trabalhador","Dia do Trabalhador — escalas","hero 1200x600","3","P1","12x36, 6x1, diarista: todas essenciais","planejada","public/emails/c/cv-c47-dia-do-trabalhador-escalas.jpg"
"C48","C","Comemorativa — Dia do Trabalhador","Dia do Trabalhador — institucional","hero 1200x600","3","P1","1º de maio","planejada","public/emails/c/cv-c48-dia-do-trabalhador-institucional.jpg"
"C49","C","Comemorativa — Dia do Trabalhador","Dia do Trabalhador — mural","mural 1200x400","3","P1","Dia do Trabalhador","planejada","public/emails/c/cv-c49-dia-do-trabalhador-mural.jpg"
"C50","C","Comemorativa — Dia do Trabalhador","Dia do Trabalhador — quadrado WhatsApp","quadrado 1080x1080","3","P1","Feliz Dia do Trabalhador!","planejada","public/emails/c/cv-c50-dia-do-trabalhador-quadrado-whatsapp.jpg"
"C51","C","Comemorativa — Dia do Vigilante","Dia do Vigilante — clássica","hero 1200x600","3","P1","Dia do Vigilante","planejada","public/emails/c/cv-c51-dia-do-vigilante-classica.jpg"
"C52","C","Comemorativa — Dia do Vigilante","Dia do Vigilante — história da profissão","hero 1200x600","3","P1","Uma profissão de responsabilidade","planejada","public/emails/c/cv-c52-dia-do-vigilante-historia-da-profissao.jpg"
"C53","C","Comemorativa — Dia do Vigilante","Dia do Vigilante — vigilante em posto","hero 1200x600","3","P1","Seu posto é nossa frente de cuidado","planejada","public/emails/c/cv-c53-dia-do-vigilante-vigilante-em-posto.jpg"
"C54","C","Comemorativa — Dia do Vigilante","Dia do Vigilante — supervisão","hero 1200x600","3","P1","Quem supervisiona também protege","planejada","public/emails/c/cv-c54-dia-do-vigilante-supervisao.jpg"
"C55","C","Comemorativa — Dia do Vigilante","Dia do Vigilante — escalas noturnas","hero 1200x600","3","P1","Obrigado(a) pelas noites protegidas","planejada","public/emails/c/cv-c55-dia-do-vigilante-escalas-noturnas.jpg"
"C56","C","Comemorativa — Dia do Vigilante","Dia do Vigilante — diretoria","hero 1200x600","3","P1","Homenagem da diretoria","planejada","public/emails/c/cv-c56-dia-do-vigilante-diretoria.jpg"
"C57","C","Comemorativa — Dia do Vigilante","Dia do Vigilante — mural","mural 1200x400","3","P1","Dia Nacional do Vigilante","planejada","public/emails/c/cv-c57-dia-do-vigilante-mural.jpg"
"C58","C","Comemorativa — Dia do Vigilante","Dia do Vigilante — confraternização","hero 1200x600","3","P1","Confraternização do Dia do Vigilante","planejada","public/emails/c/cv-c58-dia-do-vigilante-confraternizacao.jpg"
"C59","C","Comemorativa — Dia do Vigilante","Dia do Vigilante — família","hero 1200x600","3","P1","Sua família também protege com você","planejada","public/emails/c/cv-c59-dia-do-vigilante-familia.jpg"
"C60","C","Comemorativa — Dia do Vigilante","Dia do Vigilante — quadrado WhatsApp","quadrado 1080x1080","3","P1","Feliz Dia do Vigilante!","planejada","public/emails/c/cv-c60-dia-do-vigilante-quadrado-whatsapp.jpg"
"C61","C","Comemorativa — Dia do Profissional de Limpeza","Dia da Limpeza — clássica","hero 1200x600","3","P1","Dia do Profissional de Limpeza","planejada","public/emails/c/cv-c61-dia-da-limpeza-classica.jpg"
"C62","C","Comemorativa — Dia do Profissional de Limpeza","Dia da Limpeza — homenagem","hero 1200x600","3","P1","Cuidar do espaço é cuidar das pessoas","planejada","public/emails/c/cv-c62-dia-da-limpeza-homenagem.jpg"
"C63","C","Comemorativa — Dia do Profissional de Limpeza","Dia da Limpeza — institucional","hero 1200x600","3","P1","16 de maio","planejada","public/emails/c/cv-c63-dia-da-limpeza-institucional.jpg"
"C64","C","Comemorativa — Dia do Profissional de Limpeza","Dia da Limpeza — mural","mural 1200x400","3","P1","Dia do Profissional de Limpeza","planejada","public/emails/c/cv-c64-dia-da-limpeza-mural.jpg"
"C65","C","Comemorativa — Dia do Profissional de Limpeza","Dia da Limpeza — quadrado WhatsApp","quadrado 1080x1080","3","P1","Feliz Dia do Profissional de Limpeza!","planejada","public/emails/c/cv-c65-dia-da-limpeza-quadrado-whatsapp.jpg"
"C66","C","Comemorativa — Dia das Mães","Dia das Mães — clássica","hero 1200x600","3","P1","Feliz Dia das Mães","planejada","public/emails/c/cv-c66-dia-das-maes-classica.jpg"
"C67","C","Comemorativa — Dia das Mães","Dia das Mães — mães da equipe","hero 1200x600","3","P1","Mães do SEG System","planejada","public/emails/c/cv-c67-dia-das-maes-maes-da-equipe.jpg"
"C68","C","Comemorativa — Dia das Mães","Dia das Mães — mural","mural 1200x400","3","P1","Dia das Mães","planejada","public/emails/c/cv-c68-dia-das-maes-mural.jpg"
"C69","C","Comemorativa — Dia das Mães","Dia das Mães — quadrado WhatsApp","quadrado 1080x1080","3","P1","Feliz Dia das Mães!","planejada","public/emails/c/cv-c69-dia-das-maes-quadrado-whatsapp.jpg"
"C70","C","Comemorativa — Dia dos Pais","Dia dos Pais — clássica","hero 1200x600","4","P1","Feliz Dia dos Pais","planejada","public/emails/c/cv-c70-dia-dos-pais-classica.jpg"
"C71","C","Comemorativa — Dia dos Pais","Dia dos Pais — pais da equipe","hero 1200x600","4","P1","Pais do SEG System","planejada","public/emails/c/cv-c71-dia-dos-pais-pais-da-equipe.jpg"
"C72","C","Comemorativa — Dia dos Pais","Dia dos Pais — mural","mural 1200x400","4","P1","Dia dos Pais","planejada","public/emails/c/cv-c72-dia-dos-pais-mural.jpg"
"C73","C","Comemorativa — Dia dos Pais","Dia dos Pais — quadrado WhatsApp","quadrado 1080x1080","4","P1","Feliz Dia dos Pais!","planejada","public/emails/c/cv-c73-dia-dos-pais-quadrado-whatsapp.jpg"
"C74","C","Comemorativa — Janeiro Branco","Janeiro Branco — campanha","hero 1200x600","2","P1","Janeiro Branco","planejada","public/emails/c/cv-c74-janeiro-branco-campanha.jpg"
"C75","C","Comemorativa — Janeiro Branco","Janeiro Branco — dica","hero 1200x600","2","P1","Pausa também é protocolo","planejada","public/emails/c/cv-c75-janeiro-branco-dica.jpg"
"C76","C","Comemorativa — Janeiro Branco","Janeiro Branco — mural","mural 1200x400","2","P1","Janeiro Branco","planejada","public/emails/c/cv-c76-janeiro-branco-mural.jpg"
"C77","C","Comemorativa — Setembro Amarelo","Setembro Amarelo — campanha","hero 1200x600","4","P1","Setembro Amarelo","planejada","public/emails/c/cv-c77-setembro-amarelo-campanha.jpg"
"C78","C","Comemorativa — Setembro Amarelo","Setembro Amarelo — onde buscar ajuda","hero 1200x600","4","P1","Precisa conversar? CVV 188","planejada","public/emails/c/cv-c78-setembro-amarelo-onde-buscar-ajuda.jpg"
"C79","C","Comemorativa — Setembro Amarelo","Setembro Amarelo — mural","mural 1200x400","4","P1","Setembro Amarelo","planejada","public/emails/c/cv-c79-setembro-amarelo-mural.jpg"
"C80","C","Comemorativa — Outubro Rosa","Outubro Rosa — campanha","hero 1200x600","1","P0","Outubro Rosa","planejada","public/emails/c/cv-c80-outubro-rosa-campanha.jpg"
"C81","C","Comemorativa — Outubro Rosa","Outubro Rosa — prevenção","hero 1200x600","1","P0","Check-up marcado?","planejada","public/emails/c/cv-c81-outubro-rosa-prevencao.jpg"
"C82","C","Comemorativa — Outubro Rosa","Outubro Rosa — mural","mural 1200x400","1","P0","Outubro Rosa","planejada","public/emails/c/cv-c82-outubro-rosa-mural.jpg"
"C83","C","Comemorativa — Novembro Azul","Novembro Azul — campanha","hero 1200x600","1","P0","Novembro Azul","planejada","public/emails/c/cv-c83-novembro-azul-campanha.jpg"
"C84","C","Comemorativa — Novembro Azul","Novembro Azul — prevenção","hero 1200x600","1","P0","Cuide de quem cuida","planejada","public/emails/c/cv-c84-novembro-azul-prevencao.jpg"
"C85","C","Comemorativa — Novembro Azul","Novembro Azul — mural","mural 1200x400","1","P0","Novembro Azul","planejada","public/emails/c/cv-c85-novembro-azul-mural.jpg"
"C86","C","Comemorativa — Dia do Amigo","Dia do Amigo — clássica","hero 1200x600","3","P1","Dia do Amigo","planejada","public/emails/c/cv-c86-dia-do-amigo-classica.jpg"
"C87","C","Comemorativa — Dia do Amigo","Dia do Amigo — quadrado WhatsApp","quadrado 1080x1080","3","P1","Feliz Dia do Amigo!","planejada","public/emails/c/cv-c87-dia-do-amigo-quadrado-whatsapp.jpg"
"C88","C","Comemorativa — Aniversário da empresa","Aniversário da empresa — clássica","hero 1200x600","4","P1","Nosso aniversário é sua conquista","planejada","public/emails/c/cv-c88-aniversario-da-empresa-classica.jpg"
"C89","C","Comemorativa — Aniversário da empresa","Aniversário da empresa — retrospectiva","hero 1200x600","4","P1","Um ano de história juntos","planejada","public/emails/c/cv-c89-aniversario-da-empresa-retrospectiva.jpg"
"C90","C","Comemorativa — Aniversário da empresa","Aniversário da empresa — mural","mural 1200x400","4","P1","Feliz aniversário, SEG System","planejada","public/emails/c/cv-c90-aniversario-da-empresa-mural.jpg"
"C91","C","Comemorativa — Confraternização","Confraternização — convite","hero 1200x600","4","P1","Confraternização do time","planejada","public/emails/c/cv-c91-confraternizacao-convite.jpg"
"C92","C","Comemorativa — Confraternização","Confraternização — lembrete","hero 1200x600","4","P1","É amanhã!","planejada","public/emails/c/cv-c92-confraternizacao-lembrete.jpg"
"C93","C","Comemorativa — Confraternização","Confraternização — agradecimento","hero 1200x600","4","P1","Foi ótimo te ver lá","planejada","public/emails/c/cv-c93-confraternizacao-agradecimento.jpg"
"C94","C","Comemorativa — Feriados/escala","Feriado — Tiradentes (21/04)","hero 1200x600","4","P2","Feriado de Tiradentes","planejada","public/emails/c/cv-c94-feriado-tiradentes-21-04.jpg"
"C95","C","Comemorativa — Feriados/escala","Feriado — Independência (07/09)","hero 1200x600","4","P2","Feriado da Independência","planejada","public/emails/c/cv-c95-feriado-independencia-07-09.jpg"
"C96","C","Comemorativa — Feriados/escala","Feriado — 12 de outubro","hero 1200x600","1","P0","Feriado de 12 de outubro","planejada","public/emails/c/cv-c96-feriado-12-de-outubro.jpg"
"C97","C","Comemorativa — Feriados/escala","Feriado — Proclamação da República (15/11)","hero 1200x600","1","P0","Feriado da República","planejada","public/emails/c/cv-c97-feriado-proclamacao-da-republica-15-11.jpg"
"C98","C","Comemorativa — Páscoa","Páscoa — clássica","hero 1200x600","4","P2","Feliz Páscoa!","planejada","public/emails/c/cv-c98-pascoa-classica.jpg"
"C99","C","Comemorativa — Dia das Crianças","Dia das Crianças — clássica","hero 1200x600","1","P0","Dia das Crianças","planejada","public/emails/c/cv-c99-dia-das-criancas-classica.jpg"
"C100","C","Comemorativa — Dia das Crianças","Dia das Crianças — quadrado WhatsApp","quadrado 1080x1080","1","P0","Feliz Dia das Crianças!","planejada","public/emails/c/cv-c100-dia-das-criancas-quadrado-whatsapp.jpg"
"D01","D","Comunicado — folha","Holerite disponível","hero 1200x600","0","P0","Seu holerite está disponível","em_revisao","public/emails/d/cv-d01-holerite-disponivel.jpg"
"D02","D","Comunicado — folha","Lembrete de holerite","hero 1200x600","4","P1","Holerite esperando você","planejada","public/emails/d/cv-d02-lembrete-de-holerite.jpg"
"D03","D","Comunicado — folha","13º/adiantamento (aguardar confirmação)","hero 1200x600","4","P1","13º salário: orientações do RH","planejada","public/emails/d/cv-d03-13-adiantamento-aguardar-confirmacao.jpg"
"D04","D","Comunicado — escala/plantão","Escala publicada","hero 1200x600","4","P1","Nova escala publicada","planejada","public/emails/d/cv-d04-escala-publicada.jpg"
"D05","D","Comunicado — escala/plantão","Confirmar plantão","hero 1200x600","4","P1","Confirme seu próximo plantão","planejada","public/emails/d/cv-d05-confirmar-plantao.jpg"
"D06","D","Comunicado — uniforme","Uniforme para retirada","hero 1200x600","4","P1","Uniforme pronto para retirada","planejada","public/emails/d/cv-d06-uniforme-para-retirada.jpg"
"D07","D","Comunicado — uniforme","Troca/devolução de uniforme","hero 1200x600","4","P1","Troca ou devolução de uniforme","planejada","public/emails/d/cv-d07-troca-devolucao-de-uniforme.jpg"
"D08","D","Comunicado — treinamento","Treinamento agendado","hero 1200x600","4","P1","Treinamento obrigatório agendado","planejada","public/emails/d/cv-d08-treinamento-agendado.jpg"
"D09","D","Comunicado — treinamento","Certificado vencendo","hero 1200x600","4","P1","Seu certificado vence em 30 dias","planejada","public/emails/d/cv-d09-certificado-vencendo.jpg"
"D10","D","Comunicado — documentos","Documento vencendo","hero 1200x600","4","P1","Documento com vencimento próximo","planejada","public/emails/d/cv-d10-documento-vencendo.jpg"
"D11","D","Comunicado — documentos","Pendência de envio","hero 1200x600","4","P1","Documento pendente com o RH","planejada","public/emails/d/cv-d11-pendencia-de-envio.jpg"
"D12","D","Comunicado — avisos","Procedimento atualizado","hero 1200x600","4","P1","Procedimento atualizado","planejada","public/emails/d/cv-d12-procedimento-atualizado.jpg"
"D13","D","Comunicado — avisos","Novidade do portal","hero 1200x600","4","P1","Tem novidade no portal","planejada","public/emails/d/cv-d13-novidade-do-portal.jpg"
"D14","D","Comunicado — avisos","Alerta operacional/clima","hero 1200x600","4","P1","Alerta de tempo severo","planejada","public/emails/d/cv-d14-alerta-operacional-clima.jpg"
"D15","D","Comunicado — avisos","Campanha de segurança no posto","hero 1200x600","4","P1","Semana de segurança no posto","planejada","public/emails/d/cv-d15-campanha-de-seguranca-no-posto.jpg"
"D16","D","Comunicado — avisos","Boas práticas de senha","hero 1200x600","4","P1","Sua senha é a chave do posto","planejada","public/emails/d/cv-d16-boas-praticas-de-senha.jpg"
"D17","D","Comunicado — avisos","LGPD no dia a dia","hero 1200x600","4","P1","Dados pessoais são responsabilidade de todos","planejada","public/emails/d/cv-d17-lgpd-no-dia-a-dia.jpg"
"D18","D","Comunicado — avisos","PWA do funcionário","hero 1200x600","4","P1","Instale o app do funcionário","planejada","public/emails/d/cv-d18-pwa-do-funcionario.jpg"
"D19","D","Comunicado — avisos","Pesquisa interna","hero 1200x600","4","P1","Sua voz melhora o time","planejada","public/emails/d/cv-d19-pesquisa-interna.jpg"
"D20","D","Comunicado — avisos","Mudança de horário/escala","hero 1200x600","4","P1","Mudança de horário aprovada","planejada","public/emails/d/cv-d20-mudanca-de-horario-escala.jpg"
